City_ID,City,Country,Date,Lat,Lng,Max Temp,Humidity,Cloudiness,Wind Speed
0,Atuona,PF,2021-02-26 16:53:02,-9.8,-139.0333,79.36,76,89,12.64
1,Medicine Hat,CA,2021-02-26 16:53:03,50.0501,-110.6683,33.01,64,75,2.3
2,Hermanus,ZA,2021-02-26 16:53:01,-34.4187,19.2345,72.0,65,4,8.99
3,Hilo,US,2021-02-26 16:48:15,19.7297,-155.09,66.2,82,90,5.75
4,Severo-Kurilsk,RU,2021-02-26 16:53:04,50.6789,156.125,19.33,89,73,3.31
5,Marsa Matruh,EG,2021-02-26 16:53:04,31.3525,27.2453,62.6,72,40,10.36
6,Bredasdorp,ZA,2021-02-26 16:53:05,-34.5322,20.0403,73.4,53,10,14.97
7,Pasni,PK,2021-02-26 16:53:05,25.2631,63.471,73.15,86,6,2.17
8,Ouesso,CG,2021-02-26 16:53:05,1.6136,16.0517,84.25,51,80,1.99
9,Albany,US,2021-02-26 16:48:08,42.6001,-73.9662,37.0,48,56,1.3
10,Ushuaia,AR,2021-02-26 16:53:06,-54.8,-68.3,59.0,55,0,18.41
11,Hobart,AU,2021-02-26 16:50:07,-42.8794,147.3294,57.2,67,90,8.05
12,Cabo San Lucas,MX,2021-02-26 16:53:07,22.8909,-109.9124,68.0,60,40,3.44
13,Bluff,NZ,2021-02-26 16:53:07,-46.6,168.3333,55.99,95,100,1.99
14,Pisco,PE,2021-02-26 16:53:07,-13.7,-76.2167,77.0,69,0,9.22
15,Kapaa,US,2021-02-26 16:53:08,22.0752,-159.319,73.4,64,75,25.32
16,Saint-Philippe,RE,2021-02-26 16:53:08,-21.3585,55.7679,82.4,74,90,4.61
17,Xudat,AZ,2021-02-26 16:53:08,41.631,48.681,40.28,68,76,6.42
18,Moerai,PF,2021-02-26 16:53:09,-22.4333,-151.3333,79.39,79,93,3.53
19,Bonavista,CA,2021-02-26 16:53:09,48.6499,-53.1147,32.0,69,99,12.66
20,Qaanaaq,GL,2021-02-26 16:53:09,77.484,-69.3632,3.67,73,73,7.38
21,Khandbari,NP,2021-02-26 16:53:10,27.3747,87.2039,62.42,46,90,3.18
22,Mar Del Plata,AR,2021-02-26 16:53:10,-38.0023,-57.5575,78.8,61,0,9.22
23,Lebu,CL,2021-02-26 16:53:10,-37.6167,-73.65,61.45,74,14,16.98
24,Khatanga,RU,2021-02-26 16:53:11,71.9667,102.5,-32.98,78,0,5.93
25,Castro,BR,2021-02-26 16:53:11,-24.7911,-50.0119,74.59,69,82,7.61
26,Busselton,AU,2021-02-26 16:53:11,-33.65,115.3333,63.0,82,4,1.01
27,Cape Town,ZA,2021-02-26 16:53:05,-33.9258,18.4232,75.2,57,20,21.85
28,Tiksi,RU,2021-02-26 16:53:12,71.6872,128.8694,-24.83,85,81,1.21
29,Carnarvon,AU,2021-02-26 16:53:12,-24.8667,113.6333,75.2,78,90,17.27
30,Los Llanos De Aridane,ES,2021-02-26 16:53:12,28.6585,-17.9182,66.2,55,20,18.41
31,Bethel,US,2021-02-26 16:53:13,41.3712,-73.414,42.01,41,1,1.21
32,Concordia,AR,2021-02-26 16:53:13,-31.393,-58.0209,86.0,37,0,11.5
33,Kodiak,US,2021-02-26 16:53:13,57.79,-152.4072,37.4,75,1,8.77
34,Djibo,BF,2021-02-26 16:53:14,14.1022,-1.6306,90.84,10,0,7.96
35,Lompoc,US,2021-02-26 16:48:33,34.6391,-120.4579,62.01,75,1,4.61
36,Mataura,NZ,2021-02-26 16:53:08,-46.1927,168.8643,55.99,95,100,1.99
37,Butaritari,KI,2021-02-26 16:53:14,3.0707,172.7902,81.07,79,54,19.04
38,Marawi,PH,2021-02-26 16:53:14,7.9986,124.2928,78.01,90,8,5.01
39,Leningradskiy,RU,2021-02-26 16:53:15,69.3833,178.4167,-26.64,83,1,1.83
40,Avera,US,2021-02-26 16:53:15,33.194,-82.5271,66.2,55,40,5.75
41,Kruisfontein,ZA,2021-02-26 16:53:15,-34.0033,24.7314,66.99,70,41,5.01
42,Rikitea,PF,2021-02-26 16:53:16,-23.1203,-134.9692,78.94,77,100,12.19
43,Thompson,CA,2021-02-26 16:53:16,55.7435,-97.8558,-22.0,63,75,13.8
44,Avarua,CK,2021-02-26 16:48:25,-21.2078,-159.775,80.6,83,75,11.5
45,Sao Joao Da Barra,BR,2021-02-26 16:53:17,-21.6403,-41.0511,86.0,58,40,13.8
46,Olafsvik,IS,2021-02-26 16:53:17,64.8945,-23.7142,42.6,84,100,18.7
47,Vaitape,PF,2021-02-26 16:53:18,-16.5167,-151.75,81.77,76,86,13.56
48,Kasongo-Lunda,CD,2021-02-26 16:53:18,-6.4667,16.8167,75.67,89,90,2.8
49,Morant Bay,JM,2021-02-26 16:53:19,17.8815,-76.4093,84.2,61,40,23.02
50,Half Moon Bay,US,2021-02-26 16:53:19,37.4636,-122.4286,53.01,76,1,12.66
51,Laguna,US,2021-02-26 16:53:19,38.421,-121.4238,48.0,87,1,3.2
52,Upernavik,GL,2021-02-26 16:53:20,72.7868,-56.1549,6.6,87,49,7.05
53,Plettenberg Bay,ZA,2021-02-26 16:49:02,-34.0527,23.3716,66.16,76,4,12.19
54,Provideniya,RU,2021-02-26 16:53:19,64.3833,-173.3,-13.83,65,0,10.09
55,Saldanha,ZA,2021-02-26 16:50:08,-33.0117,17.9442,82.4,32,0,14.97
56,Evensk,RU,2021-02-26 16:53:21,61.95,159.2333,-5.57,78,100,9.8
57,Constitucion,CL,2021-02-26 16:53:21,-35.3333,-72.4167,68.63,56,12,10.67
58,Aklavik,CA,2021-02-26 16:53:22,68.2191,-135.0107,-36.4,67,75,4.61
59,Kysyl-Syr,RU,2021-02-26 16:53:22,63.8986,122.7617,-23.39,85,100,7.47
60,Juelsminde,DK,2021-02-26 16:53:22,55.7088,10.0167,46.4,81,20,18.41
61,Port Blair,IN,2021-02-26 16:53:23,11.6667,92.75,76.33,69,43,5.06
62,Puerto Ayora,EC,2021-02-26 16:53:11,-0.7393,-90.3518,84.2,74,75,8.05
63,Anchorage,US,2021-02-26 16:53:17,61.2181,-149.9003,30.99,74,90,3.44
64,Baculin,PH,2021-02-26 16:53:24,7.4525,126.5842,77.38,76,17,3.83
65,Torbay,CA,2021-02-26 16:53:24,47.6666,-52.7314,32.0,74,75,18.41
66,Arraial Do Cabo,BR,2021-02-26 16:53:24,-22.9661,-42.0278,80.6,78,40,17.27
67,Jamestown,US,2021-02-26 16:51:12,42.097,-79.2353,37.99,90,1,8.63
68,Omboue,GA,2021-02-26 16:53:25,-1.5746,9.2618,81.34,73,2,8.37
69,Zhangye,CN,2021-02-26 16:53:25,38.9342,100.4517,35.62,76,21,23.8
70,Kaitangata,NZ,2021-02-26 16:53:26,-46.2817,169.8464,56.35,92,100,0.63
71,Port Alfred,ZA,2021-02-26 16:53:26,-33.5906,26.891,69.01,71,40,6.11
72,Utkivka,UA,2021-02-26 16:53:26,49.7858,36.0753,42.8,87,0,11.18
73,Barrow,US,2021-02-26 16:50:02,71.2906,-156.7887,-25.6,75,1,5.75
74,Vila Velha,BR,2021-02-26 16:53:27,-20.3297,-40.2925,87.01,66,20,14.97
75,Vaini,TO,2021-02-26 16:53:28,-21.2,-175.2,69.8,94,40,3.44
76,Berlevag,NO,2021-02-26 16:53:28,70.8578,29.0864,35.6,75,75,24.16
77,Kushima,JP,2021-02-26 16:49:28,31.4583,131.2333,51.76,77,100,17.9
78,Ponta Do Sol,PT,2021-02-26 16:53:28,32.6667,-17.1,60.8,44,20,11.5
79,Hobyo,SO,2021-02-26 16:53:29,5.3505,48.5268,78.19,79,2,16.73
80,Georgetown,MY,2021-02-26 16:51:03,5.4112,100.3354,82.4,74,20,4.61
81,Sitka,US,2021-02-26 16:53:30,57.0531,-135.33,37.4,70,1,6.91
82,Katsuura,JP,2021-02-26 16:53:30,35.1333,140.3,44.6,42,0,18.41
83,Kars,TR,2021-02-26 16:53:30,40.602,43.095,26.6,74,0,4.61
84,Nome,US,2021-02-26 16:53:30,64.5011,-165.4064,-0.4,71,90,6.91
85,Sinnamary,GF,2021-02-26 16:53:31,5.3833,-52.95,80.87,76,82,15.39
86,Yellowknife,CA,2021-02-26 16:53:31,62.456,-114.3525,-29.0,67,1,4.61
87,Hofn,IS,2021-02-26 16:53:32,64.2539,-15.2082,44.6,100,90,18.41
88,Batemans Bay,AU,2021-02-26 16:48:52,-35.7167,150.1833,62.01,84,100,1.01
89,Adrar,MR,2021-02-26 16:53:32,20.5022,-10.0711,79.11,15,0,12.01
90,Kununurra,AU,2021-02-26 16:51:38,-15.7667,128.7333,78.8,65,74,6.38
91,Fairbanks,US,2021-02-26 16:53:33,64.8378,-147.7164,10.4,92,90,2.8
92,Lata,PT,2021-02-26 16:53:33,40.1629,-8.3327,69.01,75,89,1.99
93,Nouakchott,MR,2021-02-26 16:53:34,18.0858,-15.9785,86.0,10,0,18.41
94,Chuy,UY,2021-02-26 16:53:34,-33.6971,-53.4616,79.32,52,0,9.13
95,Husavik,IS,2021-02-26 16:53:16,66.0449,-17.3389,42.8,75,75,2.3
96,Lavrentiya,RU,2021-02-26 16:53:34,65.5833,-171.0,-26.18,76,0,7.16
97,Sistranda,NO,2021-02-26 16:53:35,63.7256,8.834,39.2,87,75,13.8
98,Esperance,AU,2021-02-26 16:53:35,-33.8667,121.9,59.0,88,75,9.22
99,New Norfolk,AU,2021-02-26 16:52:48,-42.7826,147.0587,52.0,68,73,1.03
100,Coquimbo,CL,2021-02-26 16:53:36,-29.9533,-71.3436,69.8,64,20,12.66
101,Moultrie,US,2021-02-26 16:53:36,31.1799,-83.7891,71.6,100,90,9.69
102,Punta Arenas,CL,2021-02-26 16:51:42,-53.15,-70.9167,60.8,55,0,19.57
103,Maceio,BR,2021-02-26 16:53:36,-9.6658,-35.7353,87.8,58,40,16.11
104,Cidreira,BR,2021-02-26 16:53:36,-30.1811,-50.2056,77.88,60,0,15.08
105,Matara,LK,2021-02-26 16:51:39,5.9485,80.5353,77.59,87,93,1.97
106,Maraba,BR,2021-02-26 16:53:37,-5.3686,-49.1178,82.4,83,75,2.3
107,Jining,CN,2021-02-26 16:53:37,35.405,116.5814,38.01,76,80,6.06
108,Somerset,US,2021-02-26 16:50:11,40.5668,-74.5496,45.0,36,1,2.1
109,Znamenskoye,RU,2021-02-26 16:53:38,57.1281,73.8282,-20.02,98,93,3.49
110,Luderitz,NA,2021-02-26 16:53:13,-26.6481,15.1594,67.8,75,0,14.0
111,Harpanahalli,IN,2021-02-26 16:53:38,14.8,75.9833,79.27,36,1,11.43
112,Palmer,US,2021-02-26 16:53:39,42.1584,-72.3287,39.0,48,40,4.52
113,Kharp,RU,2021-02-26 16:53:39,66.8014,65.8081,-9.53,89,75,2.1
114,Nouadhibou,MR,2021-02-26 16:53:40,20.931,-17.0347,75.2,50,0,16.11
115,Namibe,AO,2021-02-26 16:53:21,-15.1961,12.1522,77.0,65,20,19.57
116,Tasiilaq,GL,2021-02-26 16:53:40,65.6145,-37.6368,31.89,96,100,16.58
117,Mercedes,AR,2021-02-26 16:53:41,-34.6515,-59.4307,90.0,44,0,3.0
118,Dunedin,NZ,2021-02-26 16:53:41,-45.8742,170.5036,57.99,94,100,5.01
119,Vung Tau,VN,2021-02-26 16:51:09,10.346,107.0843,75.56,86,85,8.95
120,Longyearbyen,SJ,2021-02-26 16:53:42,78.2186,15.6401,23.0,74,75,16.11
121,Korla,CN,2021-02-26 16:50:16,41.7597,86.1469,30.85,90,100,14.79
122,Astana,KZ,2021-02-26 16:53:43,51.1801,71.446,-18.4,76,0,6.71
123,Smithers,CA,2021-02-26 16:50:21,54.7804,-127.1743,30.2,64,40,4.61
124,Kavieng,PG,2021-02-26 16:53:43,-2.5744,150.7967,82.85,71,100,8.01
125,Bunia,CD,2021-02-26 16:53:44,1.5667,30.25,73.71,41,7,2.24
126,Malbork,PL,2021-02-26 16:53:42,54.0359,19.0266,41.0,100,89,11.54
127,Hambantota,LK,2021-02-26 16:53:44,6.1241,81.1185,79.48,79,100,2.68
128,Hasaki,JP,2021-02-26 16:53:44,35.7333,140.8333,41.0,42,75,8.05
129,Portland,US,2021-02-26 16:52:10,45.5234,-122.6762,42.8,75,75,12.66
130,Pangnirtung,CA,2021-02-26 16:53:45,66.1451,-65.7125,-8.23,99,100,4.09
131,Saint George,US,2021-02-26 16:51:01,37.1041,-113.5841,33.8,29,1,4.61
132,Flinders,AU,2021-02-26 16:53:46,-34.5833,150.8552,68.0,82,100,1.01
133,Norman Wells,CA,2021-02-26 16:53:46,65.282,-126.8329,-31.0,68,75,4.61
134,Egvekinot,RU,2021-02-26 16:53:46,66.3167,-179.1667,-24.9,83,0,13.56
135,Nuuk,GL,2021-02-26 16:53:47,64.1835,-51.7216,24.8,74,75,4.61
136,Pevek,RU,2021-02-26 16:53:40,69.7008,170.3133,-26.82,97,49,5.41
137,Linjiang,CN,2021-02-26 16:53:47,41.8069,126.9078,20.64,90,0,1.99
138,Victoria,HK,2021-02-26 16:50:50,22.2855,114.1577,70.0,93,99,9.24
139,Fortuna,US,2021-02-26 16:53:48,40.5982,-124.1573,48.0,93,90,9.22
140,Reconquista,AR,2021-02-26 16:53:48,-29.15,-59.65,93.76,19,0,8.23
141,Mount Isa,AU,2021-02-26 16:53:48,-20.7333,139.5,78.8,21,0,9.22
142,Owando,CG,2021-02-26 16:53:49,-0.4819,15.8999,81.18,65,91,1.88
143,Wanning,CN,2021-02-26 16:53:49,18.8003,110.3967,70.48,93,19,3.13
144,Mount Pleasant,US,2021-02-26 16:50:43,32.7941,-79.8626,73.99,73,1,6.93
145,Laje,BR,2021-02-26 16:53:50,-10.1833,-40.9667,88.77,36,47,9.64
146,Claveria,PH,2021-02-26 16:53:50,18.6074,121.0832,75.18,90,83,4.83
147,Llanes,ES,2021-02-26 16:53:50,43.4198,-4.7549,57.99,77,100,12.26
148,Klaksvik,FO,2021-02-26 16:53:50,62.2266,-6.589,46.4,100,90,18.41
149,Iqaluit,CA,2021-02-26 16:53:50,63.7506,-68.5145,-20.0,63,40,6.91
150,Vila Franca Do Campo,PT,2021-02-26 16:53:51,37.7167,-25.4333,60.01,94,75,10.36
151,Aksu,CN,2021-02-26 16:53:51,41.1231,80.2644,35.26,91,100,12.82
152,Kamenka,RU,2021-02-26 16:53:51,51.3223,42.7678,39.99,95,100,13.67
153,Keti Bandar,PK,2021-02-26 16:53:51,24.1447,67.4497,75.42,74,0,16.26
154,Talnakh,RU,2021-02-26 16:53:52,69.4865,88.3972,-23.4,99,94,5.1
155,Morondava,MG,2021-02-26 16:53:52,-20.2833,44.2833,81.9,79,17,11.61
156,Muros,ES,2021-02-26 16:53:52,42.7762,-9.0603,66.99,62,19,1.99
157,Vestmannaeyjar,IS,2021-02-26 16:53:53,63.4427,-20.2734,46.4,81,40,21.85
158,Opuwo,NA,2021-02-26 16:53:53,-18.0607,13.84,78.13,28,30,16.13
159,Samarai,PG,2021-02-26 16:53:25,-10.6167,150.6667,81.09,81,100,10.09
160,Havre-Saint-Pierre,CA,2021-02-26 16:53:54,50.2334,-63.5986,10.4,37,1,18.41
161,Saint-Pierre,RE,2021-02-26 16:53:54,-21.3393,55.4781,82.4,74,90,4.61
162,Noyabrsk,RU,2021-02-26 16:53:54,63.1994,75.4507,-13.54,90,93,7.31
163,Kangaatsiaq,GL,2021-02-26 16:53:55,68.3065,-53.4641,12.02,94,61,3.74
164,Gamba,GA,2021-02-26 16:53:55,-2.65,10.0,80.78,75,6,7.99
165,Northam,GB,2021-02-26 16:53:29,51.0333,-4.2167,51.01,88,3,3.0
166,Gasa,PS,2021-02-26 16:53:55,31.5,34.4667,63.0,47,0,11.77
167,Fereydun Kenar,IR,2021-02-26 16:53:56,36.6864,52.5225,35.6,75,0,4.61
168,Parana,AR,2021-02-26 16:50:54,-31.732,-60.5238,91.0,29,0,5.01
169,Prince Albert,CA,2021-02-26 16:53:56,53.2001,-105.7677,5.0,72,90,16.11
170,Yumen,CN,2021-02-26 16:53:56,40.2833,97.2,24.94,66,100,3.29
171,Naze,JP,2021-02-26 16:53:57,28.3667,129.4833,62.11,94,100,24.07
172,Geraldton,AU,2021-02-26 16:53:59,-28.7667,114.6,68.0,77,0,6.91
173,Joetsu,JP,2021-02-26 16:53:59,37.1483,138.2364,37.99,87,100,15.39
174,Nanortalik,GL,2021-02-26 16:53:59,60.1432,-45.2371,29.14,94,61,2.89
175,Coihaique,CL,2021-02-26 16:54:00,-45.5752,-72.0662,73.4,43,0,6.91
176,Praia,CV,2021-02-26 16:54:00,14.9215,-23.5087,82.4,39,0,25.32
177,Olaine,LV,2021-02-26 16:54:00,56.7853,23.9381,42.8,75,90,4.61
178,Dudinka,RU,2021-02-26 16:54:01,69.4058,86.1778,-28.48,99,84,3.96
179,Tekeli,KZ,2021-02-26 16:54:01,44.83,78.8239,3.81,45,78,8.72
180,Souillac,MU,2021-02-26 16:54:01,-20.5167,57.5167,80.6,78,40,11.5
181,Lasa,IT,2021-02-26 16:54:02,46.6166,10.7002,64.4,43,0,5.75
182,Marzuq,YE,2021-02-26 16:54:02,14.4,46.4667,67.55,41,0,2.51
183,Akureyri,IS,2021-02-26 16:54:02,65.6835,-18.0878,42.8,75,75,2.3
184,Lagoa,PT,2021-02-26 16:54:02,39.05,-27.9833,58.64,88,51,13.51
185,Port Elizabeth,ZA,2021-02-26 16:54:03,-33.918,25.5701,69.8,60,20,6.91
186,Nikolskoye,RU,2021-02-26 16:54:03,59.7035,30.7861,35.6,87,90,13.42
187,Olenegorsk,RU,2021-02-26 16:54:03,68.15,33.3,21.27,97,91,1.3
188,Panama City,PA,2021-02-26 16:49:33,8.9936,-79.5197,89.6,58,40,12.66
189,Gambela,ET,2021-02-26 16:54:04,8.25,34.5833,87.76,26,30,3.74
190,Alyangula,AU,2021-02-26 16:54:04,-13.8483,136.4192,77.0,94,54,8.75
191,Bhagalpur,IN,2021-02-26 16:54:05,25.25,87.0,70.16,29,0,1.68
192,Fort Nelson,CA,2021-02-26 16:54:05,58.8053,-122.7002,-5.8,77,90,3.44
193,Axim,GH,2021-02-26 16:54:05,4.8699,-2.2405,82.26,75,10,10.69
194,Snezhnogorsk,RU,2021-02-26 16:54:05,69.1933,33.2531,26.6,100,90,4.47
195,Zyryanka,RU,2021-02-26 16:54:06,65.75,150.85,-28.37,86,100,2.66
196,Okhotsk,RU,2021-02-26 16:54:06,59.3833,143.3,-7.28,74,0,9.28
197,Vardo,NO,2021-02-26 16:54:06,70.3705,31.1107,35.6,93,75,26.46
198,Mandera,KE,2021-02-26 16:54:07,3.9366,41.867,88.61,20,0,7.36
199,Ribeira Grande,PT,2021-02-26 16:53:51,38.5167,-28.7,60.8,88,40,5.75
200,Sao Gabriel Da Cachoeira,BR,2021-02-26 16:54:07,-0.1303,-67.0892,82.4,83,90,3.44
201,Koumac,NC,2021-02-26 16:54:08,-20.5667,164.2833,77.16,80,17,4.54
202,Nemuro,JP,2021-02-26 16:54:08,43.3236,145.575,21.63,74,59,15.26
203,Tuktoyaktuk,CA,2021-02-26 16:54:08,69.4541,-133.0374,-31.0,68,40,19.57
204,Meulaboh,ID,2021-02-26 16:54:09,4.1363,96.1285,78.58,85,93,6.29
205,Bouna,CI,2021-02-26 16:54:09,9.2667,-3.0,97.7,9,0,3.53
206,Batsfjord,NO,2021-02-26 16:54:09,70.6345,29.7185,35.6,93,75,24.16
207,Lorengau,PG,2021-02-26 16:54:09,-2.0226,147.2712,80.64,76,95,3.87
208,Resistencia,AR,2021-02-26 16:54:10,-27.4606,-58.9839,93.0,33,0,8.05
209,Yar-Sale,RU,2021-02-26 16:54:10,66.8333,70.8333,-14.71,90,51,3.87
210,Saint-Augustin,CA,2021-02-26 16:54:11,51.226,-58.6502,9.91,89,98,16.75
211,Martil,MA,2021-02-26 16:54:11,35.6166,-5.2752,60.8,82,75,18.41
212,Mina,MX,2021-02-26 16:54:11,26.0011,-100.5299,72.0,73,75,5.75
213,Bonthe,SL,2021-02-26 16:54:11,7.5264,-12.505,83.19,69,26,9.98
214,Xai-Xai,MZ,2021-02-26 16:54:12,-25.0519,33.6442,75.56,80,100,13.33
215,Natal,BR,2021-02-26 16:52:27,-5.795,-35.2094,82.4,78,75,5.75
216,Mtwara,TZ,2021-02-26 16:54:13,-10.2667,40.1833,77.0,88,75,9.22
217,Port Keats,AU,2021-02-26 16:54:13,-14.25,129.55,80.22,82,25,3.65
218,Bud,US,2021-02-26 16:54:13,39.447,-86.1758,42.01,76,87,10.96
219,San Patricio,US,2021-02-26 16:54:14,28.017,-97.5169,77.0,69,90,19.57
220,Salalah,OM,2021-02-26 16:49:44,17.0151,54.0924,77.0,78,0,4.61
221,Cabedelo,BR,2021-02-26 16:54:14,-6.9811,-34.8339,71.6,100,90,8.05
222,Bezdan,RS,2021-02-26 16:54:15,45.8502,18.9259,62.6,42,0,1.36
223,Ahipara,NZ,2021-02-26 16:54:15,-35.1667,173.1667,60.39,91,89,4.32
224,Mayo,US,2021-02-26 16:54:15,38.8876,-76.5119,46.99,39,1,4.61
225,Krasnoselkup,RU,2021-02-26 16:54:15,65.7,82.4667,-20.24,87,100,3.15
226,Medveda,RU,2021-02-26 16:54:16,56.5081,92.4078,-7.6,59,40,8.95
227,Sisimiut,GL,2021-02-26 16:54:16,66.9395,-53.6735,16.18,93,87,7.99
228,Buraydah,SA,2021-02-26 16:54:16,26.326,43.975,62.6,34,0,5.75
229,Weinan,CN,2021-02-26 16:54:17,34.5036,109.5089,42.01,81,75,8.95
230,Dikson,RU,2021-02-26 16:54:17,73.5069,80.5464,-15.43,89,83,11.18
231,Winsford,GB,2021-02-26 16:54:17,53.1833,-2.5167,52.0,68,15,4.76
232,Isangel,VU,2021-02-26 16:54:18,-19.55,169.2667,77.85,82,6,11.81
233,Yichun,CN,2021-02-26 16:54:18,47.7,128.9,1.74,92,96,2.75
234,Coahuayana,MX,2021-02-26 16:54:18,18.7333,-103.6833,80.6,44,40,3.27
235,Gizo,SB,2021-02-26 16:54:19,-8.103,156.8419,79.81,85,100,11.45
236,Ekuvukeni,ZA,2021-02-26 16:54:19,-28.4675,30.1551,61.59,90,66,4.61
237,Urubamba,PE,2021-02-26 16:54:19,-13.3047,-72.1158,68.0,30,40,5.75
238,Kashi,CN,2021-02-26 16:54:20,39.4547,75.9797,42.8,15,75,4.47
239,Chapais,CA,2021-02-26 16:54:20,49.7834,-74.8492,12.2,67,1,13.8
240,Morgan City,US,2021-02-26 16:54:20,29.6994,-91.2068,77.0,88,90,10.36
241,Nagua,DO,2021-02-26 16:54:21,19.3832,-69.8474,78.8,73,40,11.77
242,Tignere,CM,2021-02-26 16:54:21,7.3667,12.65,81.9,19,84,4.88
243,Comodoro Rivadavia,AR,2021-02-26 16:54:22,-45.8667,-67.5,66.2,77,40,11.5
244,Caucaia,BR,2021-02-26 16:51:21,-3.7361,-38.6531,86.0,70,75,11.5
245,Umm Lajj,SA,2021-02-26 16:54:22,25.0213,37.2685,73.87,48,0,15.03
246,Stromness,GB,2021-02-26 16:54:22,58.965,-3.296,48.2,81,20,3.44
247,Vicksburg,US,2021-02-26 16:54:22,32.3526,-90.8779,60.8,88,90,4.61
248,Esmeraldas,BR,2021-02-26 16:49:59,-19.7625,-44.3139,78.8,88,75,11.5
249,Dingle,PH,2021-02-26 16:54:23,10.9995,122.6711,75.61,85,60,4.92
250,Ilulissat,GL,2021-02-26 16:54:23,69.2167,-51.1,26.6,39,40,11.5
251,Ajdabiya,LY,2021-02-26 16:52:40,30.7554,20.2263,61.9,55,66,10.25
252,Labuhan,ID,2021-02-26 16:54:24,-6.8844,112.2051,78.98,86,100,8.43
253,Sola,VU,2021-02-26 16:53:25,-13.8833,167.55,81.82,78,78,12.86
254,Veracruz,MX,2021-02-26 16:54:24,19.3333,-96.6667,84.99,65,1,3.44
255,Dayong,CN,2021-02-26 16:54:25,25.0209,118.2898,60.8,82,90,15.66
256,Tashtagol,RU,2021-02-26 16:54:25,52.7657,87.8894,-9.78,98,100,3.42
257,Vysha,RU,2021-02-26 16:54:25,53.8477,42.3777,36.68,97,100,12.53
258,Montrose,US,2021-02-26 16:54:26,38.4166,-108.2673,34.0,46,0,3.0
259,Svetlaya,RU,2021-02-26 16:54:26,46.5389,138.3297,5.67,86,0,9.93
260,Ostrovnoy,RU,2021-02-26 16:54:26,68.0531,39.5131,24.53,93,100,8.43
261,Port Lincoln,AU,2021-02-26 16:53:52,-34.7333,135.8667,59.47,77,24,11.32
262,Unai,BR,2021-02-26 16:51:14,-16.3575,-46.9061,84.67,63,80,1.23
263,Hamilton,US,2021-02-26 16:50:28,39.1834,-84.5333,41.0,52,1,4.61
264,Kayes,ML,2021-02-26 16:54:27,14.0,-11.0,95.31,9,0,7.4
265,Port Hardy,CA,2021-02-26 16:54:28,50.6996,-127.4199,44.6,87,40,11.5
266,Banda Aceh,ID,2021-02-26 16:54:28,5.5577,95.3222,78.04,77,61,2.53
267,La Asuncion,VE,2021-02-26 16:54:28,11.0333,-63.8628,89.6,62,20,13.94
268,Sorland,NO,2021-02-26 16:54:29,67.667,12.6934,39.2,75,40,17.27
269,Tiarei,PF,2021-02-26 16:54:29,-17.5333,-149.3333,80.6,83,75,8.05
270,Chokurdakh,RU,2021-02-26 16:54:29,70.6333,147.9167,-22.63,99,91,2.57
271,Mathathane,BW,2021-02-26 16:54:29,-22.2687,28.7495,75.45,71,63,10.49
272,Mayumba,GA,2021-02-26 16:54:30,-3.432,10.6554,80.69,78,64,6.87
273,Itoman,JP,2021-02-26 16:54:30,26.1247,127.6694,69.8,88,75,9.22
274,Belize,BZ,2021-02-26 16:54:31,17.25,-88.75,75.99,74,68,5.37
275,Safford,US,2021-02-26 16:54:31,32.834,-109.7076,54.0,26,1,5.35
276,Akyab,MM,2021-02-26 16:54:31,20.15,92.9,72.55,85,0,1.34
277,Kayerkan,RU,2021-02-26 16:54:32,69.3497,87.7602,-26.32,85,78,2.98
278,Dalvik,IS,2021-02-26 16:54:32,65.9702,-18.5286,42.8,75,75,2.3
279,Orlik,RU,2021-02-26 16:54:32,52.5178,99.825,-15.57,76,93,6.17
280,Luanda,AO,2021-02-26 16:54:33,-8.8368,13.2343,84.2,70,20,9.22
281,Sao Jose Da Coroa Grande,BR,2021-02-26 16:54:33,-8.8978,-35.1478,84.24,63,56,11.95
282,Olinda,BR,2021-02-26 16:52:12,-8.0089,-34.8553,73.4,88,75,5.75
283,Bandarbeyla,SO,2021-02-26 16:54:34,9.4942,50.8122,77.4,75,96,14.36
284,Freilassing,DE,2021-02-26 16:50:02,47.85,12.9833,57.2,44,0,4.61
285,Erdenet,MN,2021-02-26 16:54:34,49.0333,104.0833,8.58,80,84,9.98
286,Beringovskiy,RU,2021-02-26 16:54:34,63.05,179.3167,-24.05,85,70,13.0
287,Yatou,CN,2021-02-26 16:54:35,37.15,122.3833,37.54,75,100,6.31
288,Srednekolymsk,RU,2021-02-26 16:54:35,67.45,153.6833,-24.3,100,99,0.76
289,Clyde River,CA,2021-02-26 16:54:35,70.4692,-68.5914,-9.4,77,75,25.32
290,Deep River,CA,2021-02-26 16:54:36,46.1001,-77.4995,23.0,74,75,5.75
291,Ancud,CL,2021-02-26 16:54:36,-41.8697,-73.8203,62.6,67,20,2.3
292,Qitaihe,CN,2021-02-26 16:54:36,45.8,130.85,1.18,80,52,3.38
293,Ngunguru,NZ,2021-02-26 16:54:36,-35.6167,174.5,61.0,94,12,5.01
294,Linxia,CN,2021-02-26 16:54:37,35.6003,103.2064,44.47,58,89,3.15
295,Maldonado,UY,2021-02-26 16:53:26,-34.6667,-54.9167,82.0,61,20,11.5
296,Mariental,NA,2021-02-26 16:54:37,-24.6333,17.9667,91.11,16,14,10.02
297,Kalemie,CD,2021-02-26 16:54:38,-5.9475,29.1947,74.05,78,12,1.92
298,Yarada,IN,2021-02-26 16:54:38,17.65,83.2667,77.0,88,0,2.3
299,Miles City,US,2021-02-26 16:54:39,46.4083,-105.8406,37.4,41,90,19.57
300,Galway,IE,2021-02-26 16:54:39,53.2719,-9.0489,51.8,62,75,10.36
301,Aswan,EG,2021-02-26 16:54:39,24.0934,32.907,68.5,16,0,10.94
302,Rovaniemi,FI,2021-02-26 16:52:00,66.5,25.7167,33.8,93,90,16.11
303,Christchurch,NZ,2021-02-26 16:54:40,-43.5333,172.6333,62.01,94,90,1.14
304,Acapulco,MX,2021-02-26 16:52:39,16.8634,-99.8901,84.2,39,1,5.21
305,Zhigansk,RU,2021-02-26 16:54:40,66.7697,123.3711,-36.2,98,71,4.14
306,Ola,RU,2021-02-26 16:54:40,59.5833,151.2833,-9.69,82,88,10.2
307,Grindavik,IS,2021-02-26 16:54:32,63.8424,-22.4338,44.6,87,75,26.46
308,Tommot,RU,2021-02-26 16:54:41,58.9564,126.2925,-14.98,82,91,3.04
309,Saskylakh,RU,2021-02-26 16:54:42,71.9167,114.0833,-28.37,78,36,6.02
310,Bambous Virieux,MU,2021-02-26 16:54:42,-20.3428,57.7575,80.6,78,40,11.5
311,Turukhansk,RU,2021-02-26 16:54:42,65.8167,87.9833,-24.32,82,89,5.73
312,Pouembout,NC,2021-02-26 16:54:43,-21.1333,164.9,74.82,86,20,3.58
313,San Luis,AR,2021-02-26 16:54:43,-33.295,-66.3356,89.08,33,0,6.82
314,Naron,ES,2021-02-26 16:54:44,43.5167,-8.1528,62.6,67,0,4.61
315,Luganville,VU,2021-02-26 16:54:44,-15.5333,167.1667,79.29,81,99,6.2
316,Burnie,AU,2021-02-26 16:54:44,-41.0667,145.9167,54.64,85,26,11.54
317,Camana,PE,2021-02-26 16:54:45,-16.6228,-72.7111,77.02,61,8,7.85
318,Ayagoz,KZ,2021-02-26 16:54:45,47.9714,80.4392,-10.79,99,76,5.68
319,Nawa,IN,2021-02-26 16:54:45,27.0167,75.0,75.11,24,0,8.21
320,Port-Gentil,GA,2021-02-26 16:54:45,-0.7193,8.7815,86.0,70,40,11.5
321,Traverse City,US,2021-02-26 16:54:46,44.7631,-85.6206,36.0,75,90,14.97
322,Venado Tuerto,AR,2021-02-26 16:53:57,-33.7456,-61.9688,95.25,13,0,9.51
323,Pringsewu,ID,2021-02-26 16:54:46,-5.3582,104.9744,74.52,92,99,0.43
324,Ahuimanu,US,2021-02-26 16:54:47,21.4447,-157.8378,73.4,68,90,14.97
325,Takoradi,GH,2021-02-26 16:54:47,4.8845,-1.7554,82.0,79,84,12.28
326,Miri,MY,2021-02-26 16:54:48,4.4148,114.0089,75.2,100,40,1.14
327,Layou,VC,2021-02-26 16:54:48,13.2,-61.2667,82.4,74,75,11.5
328,Damara,CF,2021-02-26 16:54:49,4.9608,18.7035,96.8,38,20,3.44
329,Hirado,JP,2021-02-26 16:54:49,33.3597,129.5531,48.99,32,100,10.0
330,Sioux Lookout,CA,2021-02-26 16:54:49,50.1001,-91.917,33.8,69,90,13.8
331,Yagodnoye,RU,2021-02-26 16:54:50,62.55,149.6667,-21.98,84,99,2.35
332,Cayenne,GF,2021-02-26 16:54:50,4.9333,-52.3333,84.2,65,90,17.27
333,Buala,SB,2021-02-26 16:54:50,-8.145,159.5921,78.76,85,100,9.1
334,Edd,ER,2021-02-26 16:54:51,13.9297,41.6925,76.91,79,18,5.28
335,Kristiansand,NO,2021-02-26 16:54:51,58.1467,7.9956,48.2,57,0,8.05
336,Maniitsoq,GL,2021-02-26 16:54:51,65.4167,-52.9,20.48,93,98,12.08
337,Verkhoyansk,RU,2021-02-26 16:53:00,67.5447,133.385,-27.69,81,99,1.83
338,Roma,US,2021-02-26 16:54:52,43.2128,-75.4557,34.0,74,1,3.15
339,Santa Maria,BR,2021-02-26 16:54:52,-29.6842,-53.8069,82.4,61,20,13.8
340,Olga,RU,2021-02-26 16:54:53,43.7444,135.2892,7.81,83,0,8.46
341,Semporna,MY,2021-02-26 16:54:53,4.4818,118.6112,77.0,94,20,2.3
342,Balabac,PH,2021-02-26 16:54:53,7.9868,117.0645,79.95,80,43,3.83
343,Salaverry,PE,2021-02-26 16:54:54,-8.2333,-78.9667,69.8,88,94,9.22
344,Cherskiy,RU,2021-02-26 16:54:54,68.75,161.3,-29.56,85,81,3.98
345,Villamontes,BO,2021-02-26 16:54:55,-21.25,-63.5,86.0,70,75,1.54
346,Kendari,ID,2021-02-26 16:54:55,-3.945,122.4989,76.48,91,41,1.79
347,Dieppe,FR,2021-02-26 16:54:55,49.75,1.1667,50.0,50,0,9.22
348,Marechal Candido Rondon,BR,2021-02-26 16:54:55,-24.5561,-54.0567,83.98,55,3,5.53
349,Moree,AU,2021-02-26 16:54:55,-29.4667,149.85,73.4,83,75,8.05
350,Narsaq,GL,2021-02-26 16:54:56,60.9167,-46.05,33.8,64,75,2.3
351,Uhlove,UA,2021-02-26 16:54:56,44.8215,33.6045,46.0,70,0,4.0
352,Wum,CM,2021-02-26 16:54:57,6.3833,10.0667,82.74,20,99,5.01
353,Hithadhoo,MV,2021-02-26 16:53:22,-0.6,73.0833,82.27,73,27,12.24
354,Methoni,GR,2021-02-26 16:54:57,36.8197,21.7049,59.0,72,20,4.61
355,Kibala,TD,2021-02-26 16:54:58,9.1104,18.3463,98.6,14,0,2.3
356,Aquiraz,BR,2021-02-26 16:51:11,-3.9014,-38.3911,86.0,70,75,11.5
357,Mogadishu,SO,2021-02-26 16:54:58,2.0371,45.3438,78.17,81,0,22.41
358,Montepuez,MZ,2021-02-26 16:54:59,-13.1256,38.9997,72.9,93,96,3.15
359,Chazuta,PE,2021-02-26 16:54:59,-6.5742,-76.1367,86.0,70,40,3.44
360,Sohag,EG,2021-02-26 16:54:59,26.557,31.6948,65.12,26,0,11.16
361,Waddan,LY,2021-02-26 16:55:00,29.1614,16.139,60.21,51,26,16.37
362,Tigzirt,DZ,2021-02-26 16:55:00,36.8886,4.1198,58.41,83,0,10.98
363,Alofi,NU,2021-02-26 16:55:00,-19.0595,-169.9187,73.4,100,100,3.44
364,Minatitlan,MX,2021-02-26 16:55:01,17.9833,-94.5167,80.6,74,75,6.91
365,Wattegama,LK,2021-02-26 16:55:01,6.7989,81.4808,75.33,89,82,0.56
366,Baruun-Urt,MN,2021-02-26 16:55:01,46.6806,113.2792,36.48,79,92,23.33
367,Camalu,MX,2021-02-26 16:55:02,30.85,-116.0667,61.43,47,0,2.98
368,Pyapon,MM,2021-02-26 16:55:02,16.2833,95.6833,67.48,86,0,8.57
369,Ritchie,ZA,2021-02-26 16:55:02,-29.038,24.6028,82.4,28,0,6.91
370,Chiang Klang,TH,2021-02-26 16:55:03,19.2938,100.8617,72.12,25,13,1.9
371,Paris,FR,2021-02-26 16:55:03,48.8534,2.3488,52.0,50,75,10.36
372,Guhagar,IN,2021-02-26 16:55:03,17.4842,73.1929,75.11,59,0,6.62
373,Emerald,AU,2021-02-26 16:55:04,-23.5333,148.1667,78.8,78,40,3.44
374,Polunochnoye,RU,2021-02-26 16:55:04,60.8697,60.4153,-5.73,99,98,5.12
375,Krasnoarmeysk,RU,2021-02-26 16:55:04,51.0239,45.6969,37.0,95,100,5.99
376,Ambon,ID,2021-02-26 16:55:04,-3.6954,128.1814,77.0,94,20,8.05
377,Zhaotong,CN,2021-02-26 16:55:05,27.3167,103.7167,45.27,82,60,5.64
378,Usoke,TZ,2021-02-26 16:55:05,-5.1667,32.35,82.4,57,20,5.75
379,Teya,RU,2021-02-26 16:55:05,60.3778,92.6267,-13.77,85,100,5.55
380,Nhulunbuy,AU,2021-02-26 16:55:06,-12.2333,136.7667,77.0,88,75,3.44
381,Minbu,MM,2021-02-26 16:55:06,20.1833,94.8833,73.89,47,0,5.12
382,Sakaiminato,JP,2021-02-26 16:55:07,35.55,133.2333,44.6,57,75,25.32
383,Fare,PF,2021-02-26 16:55:07,-16.7,-151.0167,81.86,78,43,14.36
384,Kuching,MY,2021-02-26 16:55:08,1.55,110.3333,77.0,88,20,2.3
385,Dargaville,NZ,2021-02-26 16:55:08,-35.9333,173.8833,58.89,94,13,2.91
386,Channel-Port Aux Basques,CA,2021-02-26 16:55:08,47.5702,-59.1367,18.18,93,99,29.44
387,Kachug,RU,2021-02-26 16:55:08,53.9606,105.8817,-0.65,93,100,7.65
388,Harbour Breton,CA,2021-02-26 16:55:09,47.4833,-55.7983,24.4,89,51,24.38
389,Kahului,US,2021-02-26 16:55:09,20.8947,-156.47,71.6,73,40,16.11
390,Mogwase,ZA,2021-02-26 16:55:10,-25.185,27.2665,76.77,42,31,7.18
391,Slave Lake,CA,2021-02-26 16:55:10,55.2834,-114.769,-2.2,78,90,11.5
392,Kolchugino,RU,2021-02-26 16:55:10,56.3,39.3833,32.4,97,78,13.44
393,Aligudarz,IR,2021-02-26 16:55:11,33.4006,49.6949,34.65,82,21,3.4
394,Areosa,PT,2021-02-26 16:55:11,41.7178,-8.8571,68.0,63,0,5.75
395,Cockburn Town,TC,2021-02-26 16:55:12,21.4612,-71.1419,77.22,76,1,21.83
396,Duluth,US,2021-02-26 16:55:12,46.7833,-92.1066,37.99,65,75,20.71
397,Lazaro Cardenas,MX,2021-02-26 16:55:13,17.9583,-102.2,87.35,30,79,5.77
398,Imeni Babushkina,RU,2021-02-26 16:55:13,59.7573,43.1285,8.11,94,100,9.28
399,Conceicao Da Barra,BR,2021-02-26 16:55:13,-18.5933,-39.7322,84.6,60,62,10.78
400,Tual,ID,2021-02-26 16:55:14,-5.6667,132.75,83.08,78,64,17.94
401,Muli,MV,2021-02-26 16:55:14,2.9167,73.5667,82.54,73,96,10.6
402,Muroto,JP,2021-02-26 16:55:15,33.2833,134.15,48.43,63,100,24.76
403,Khandyga,RU,2021-02-26 16:55:15,62.6667,135.6,-30.19,82,9,1.54
404,Alihe,CN,2021-02-26 16:55:05,50.5667,123.7167,6.35,92,100,7.58
405,Petatlan,MX,2021-02-26 16:55:16,17.5167,-101.2667,80.6,74,1,6.29
406,Freeport,US,2021-02-26 16:55:16,40.6576,-73.5832,43.0,36,1,1.7
407,Belaya Gora,RU,2021-02-26 16:55:16,68.5333,146.4167,-28.93,86,89,0.94
408,Panalingaan,PH,2021-02-26 16:55:17,8.7842,117.4231,78.42,84,32,3.47
409,Riobamba,EC,2021-02-26 16:55:17,-1.6667,-78.6333,57.2,94,75,6.91
410,Kalmunai,LK,2021-02-26 16:55:17,7.4167,81.8167,77.31,80,37,1.39
411,Yulara,AU,2021-02-26 16:55:17,-25.2406,130.9889,73.4,23,64,4.61
412,Hvide Sande,DK,2021-02-26 16:55:18,56.0045,8.1294,44.6,81,75,10.36
413,Sibu,MY,2021-02-26 16:55:18,2.3,111.8167,75.2,94,40,1.05
414,Ayan,RU,2021-02-26 16:55:19,56.45,138.1667,-7.29,72,0,3.47
415,Berezovka,BY,2021-02-26 16:55:19,53.7214,25.4993,38.3,85,94,11.77
416,Broome,US,2021-02-26 16:55:19,42.2506,-75.833,36.0,59,20,1.68
417,Tete,MZ,2021-02-26 16:55:20,-16.1564,33.5867,89.6,48,40,5.75
418,Kolo,PL,2021-02-26 16:55:20,52.2002,18.6387,42.01,96,100,1.99
419,Pampa,US,2021-02-26 16:55:20,35.5362,-100.9599,46.4,42,1,18.41
420,Abalak,RU,2021-02-26 16:55:21,58.1286,68.5944,-16.8,89,22,3.62
421,Prince George,CA,2021-02-26 16:54:09,53.9166,-122.753,28.99,74,40,10.36
422,Waverly,US,2021-02-26 16:53:21,42.7392,-84.6208,37.99,55,1,10.36
423,Marsaxlokk,MT,2021-02-26 16:55:21,35.8419,14.5431,57.99,82,20,5.75
424,Honningsvag,NO,2021-02-26 16:55:22,70.9821,25.9704,33.8,75,75,23.02
425,Riosucio,CO,2021-02-26 16:52:29,5.4216,-75.7032,78.8,69,40,5.75
426,Bukan,IR,2021-02-26 16:55:23,36.521,46.2089,35.17,80,0,4.43
427,Sao Filipe,CV,2021-02-26 16:55:23,14.8961,-24.4956,79.39,42,0,17.45
428,Quatre Cocos,MU,2021-02-26 16:54:34,-20.2078,57.7625,80.6,78,40,11.5
429,Nyurba,RU,2021-02-26 16:55:24,63.2842,118.3319,-25.58,86,85,5.19
430,Dichiseni,RO,2021-02-26 16:55:24,44.2333,27.5333,57.99,38,0,3.0
431,Senanga,ZM,2021-02-26 16:55:24,-16.1167,23.2667,69.48,92,100,3.09
432,Deputatskiy,RU,2021-02-26 16:55:25,69.3,139.9,-32.03,85,80,0.87
433,Baykit,RU,2021-02-26 16:55:17,61.67,96.37,-13.25,84,100,3.74
434,Shakawe,BW,2021-02-26 16:55:25,-18.3667,21.85,68.22,93,98,3.98
435,Yerbogachen,RU,2021-02-26 16:55:25,61.2767,108.0108,-19.12,86,32,5.84
436,Dinanagar,IN,2021-02-26 16:55:26,32.15,75.4667,66.67,43,68,6.62
437,Bikin,RU,2021-02-26 16:55:26,46.8161,134.26,-7.29,89,0,2.73
438,Ballina,AU,2021-02-26 16:54:10,-28.8667,153.5667,73.4,94,75,4.61
439,Hovd,MN,2021-02-26 16:53:24,48.0056,91.6419,8.4,25,0,8.19
440,Khanino,RU,2021-02-26 16:55:27,54.211,36.6229,41.0,75,40,8.95
441,Mahebourg,MU,2021-02-26 16:55:27,-20.4081,57.7,80.6,78,40,11.5
442,Beyneu,KZ,2021-02-26 16:55:27,45.3167,55.2,25.47,98,99,10.49
443,Andili,PH,2021-02-26 16:55:28,7.462,125.9701,80.6,83,40,3.44
444,Faya,SA,2021-02-26 16:55:28,18.3851,42.4509,64.4,82,20,10.36
445,Bollnas,SE,2021-02-26 16:55:29,61.3482,16.3946,42.01,54,0,4.0
446,Ha Tinh,VN,2021-02-26 16:55:29,18.3333,105.9,72.79,92,56,3.38
447,Whitehorse,CA,2021-02-26 16:54:13,60.7161,-135.0538,10.4,85,20,2.3
448,Pacific Grove,US,2021-02-26 16:53:00,36.6177,-121.9166,50.0,81,20,3.44
449,Russell,US,2021-02-26 16:55:30,32.3502,-85.1999,68.0,73,90,5.75
450,Monrovia,LR,2021-02-26 16:50:42,6.3005,-10.7969,81.5,79,7,11.7
451,Rio Hondo,GT,2021-02-26 16:55:30,15.0667,-89.5833,83.1,49,14,4.68
452,Seoul,KR,2021-02-26 16:52:16,37.5683,126.9778,39.2,64,0,5.75
453,Lac Du Bonnet,CA,2021-02-26 16:55:31,50.2536,-96.0612,36.0,100,100,5.01
454,Surgut,RU,2021-02-26 16:55:31,61.25,73.4167,-20.2,83,0,4.47
455,Fukue,JP,2021-02-26 16:55:31,32.6881,128.8419,54.34,55,100,31.14
456,Pilar,BR,2021-02-26 16:55:31,-9.5972,-35.9567,87.8,58,40,16.11
457,Shache,CN,2021-02-26 16:55:32,38.4167,77.2406,42.87,62,100,8.39
458,Anupgarh,IN,2021-02-26 16:55:32,29.1911,73.2086,78.64,21,0,14.94
459,Amboise,FR,2021-02-26 16:55:32,47.4125,0.9827,52.0,54,40,8.05
460,Kuusamo,FI,2021-02-26 16:55:32,65.9667,29.1833,28.4,100,75,8.05
461,Tanabe,JP,2021-02-26 16:55:33,33.7333,135.3667,41.67,73,100,11.14
462,Rio Grande,BR,2021-02-26 16:55:03,-32.035,-52.0986,82.4,57,20,16.11
463,Kochevo,RU,2021-02-26 16:55:33,59.5994,54.3125,-3.08,91,100,9.51
464,Karatuzskoye,RU,2021-02-26 16:55:34,53.6072,92.8667,-5.21,82,100,8.37
465,Nchelenge,ZM,2021-02-26 16:55:34,-9.3451,28.734,73.83,76,7,2.46
466,Mattawa,US,2021-02-26 16:55:34,46.7379,-119.9028,39.2,81,1,9.22
467,Baherden,TM,2021-02-26 16:54:07,38.4362,57.4316,35.91,35,31,3.18
468,Pedasi,PA,2021-02-26 16:55:35,7.5333,-80.0333,82.78,72,35,18.54
469,Nizhniy Kuranakh,RU,2021-02-26 16:55:35,58.8353,125.4869,-11.43,85,97,2.86
470,Oktyabrskiy,RU,2021-02-26 16:55:35,54.4815,53.471,-1.17,91,75,13.24
471,Molteno,ZA,2021-02-26 16:55:36,-31.3968,26.3625,56.75,77,4,15.86
472,Puerto Escondido,MX,2021-02-26 16:55:36,15.85,-97.0667,84.2,79,1,8.43
473,Ust-Kuyga,RU,2021-02-26 16:55:36,70.0167,135.6,-28.05,82,92,4.25
474,Kavaratti,IN,2021-02-26 16:55:37,10.5669,72.642,82.35,74,0,13.13
475,Codrington,AU,2021-02-26 16:55:37,-38.2667,141.9667,48.2,89,35,4.7
476,Makokou,GA,2021-02-26 16:55:37,0.5738,12.8642,77.63,77,52,3.56
477,Porto Santo,PT,2021-02-26 16:55:37,33.072,-16.3415,59.0,63,40,18.41
478,Bratsk,RU,2021-02-26 16:51:07,56.1325,101.6142,-4.0,77,100,7.56
479,Playas,EC,2021-02-26 16:55:38,-2.6333,-80.3833,80.6,67,12,7.83
480,Sur,OM,2021-02-26 16:53:28,22.5667,59.5289,73.42,69,0,3.78
481,Thalgau,AT,2021-02-26 16:55:39,47.8333,13.25,57.2,44,0,4.61
482,Santa Rosa,PH,2021-02-26 16:55:39,14.3122,121.1114,80.6,83,20,2.3
483,Stonewall,CA,2021-02-26 16:55:39,50.1344,-97.3268,35.6,75,75,9.22
484,Fort-Shevchenko,KZ,2021-02-26 16:55:39,44.5086,50.263,32.79,96,100,5.08
485,Iraan,US,2021-02-26 16:55:40,30.914,-101.8979,51.01,44,0,1.01
486,Pirgos,GR,2021-02-26 16:55:40,35.1167,25.7178,59.0,68,13,6.51
487,Aflao,TG,2021-02-26 16:55:40,6.116,1.1914,87.8,66,20,10.36
488,Ulverstone,AU,2021-02-26 16:55:41,-41.15,146.1667,50.0,90,23,10.09
489,Monte Alegre,BR,2021-02-26 16:55:41,-2.0078,-54.0692,82.08,72,100,3.76
490,Semirom,IR,2021-02-26 16:55:41,31.4167,51.5667,27.91,74,4,4.54
491,Yamada,JP,2021-02-26 16:55:41,39.4667,141.95,25.23,83,61,12.35
492,Anadyr,RU,2021-02-26 16:53:21,64.75,177.4833,-22.0,63,0,15.66
493,Huarmey,PE,2021-02-26 16:55:42,-10.0681,-78.1522,78.04,62,18,9.13
494,Oudtshoorn,ZA,2021-02-26 16:54:39,-33.5907,22.2014,68.0,73,40,16.11
495,Mukhen,RU,2021-02-26 16:55:42,48.1,136.1,-6.2,87,2,4.43
496,Markova,UA,2021-02-26 16:55:42,48.6758,24.4138,48.2,61,0,5.61
497,Yabelo,ET,2021-02-26 16:55:43,4.8833,38.0833,73.0,21,0,8.99
498,Saint Anthony,US,2021-02-26 16:55:43,45.0205,-93.218,39.99,60,90,24.16
499,Felanitx,ES,2021-02-26 16:55:43,39.4696,3.1483,59.0,72,20,6.91
500,Amberley,US,2021-02-26 16:55:44,39.2048,-84.428,41.0,52,1,4.61
501,Faanui,PF,2021-02-26 16:55:44,-16.4833,-151.75,81.77,75,87,13.44
502,Kyra,RU,2021-02-26 16:55:44,49.5776,111.9753,20.57,94,100,7.14
503,Pumiao,CN,2021-02-26 16:55:45,22.75,108.4833,55.4,88,90,6.71
504,Kapit,MY,2021-02-26 16:52:15,2.0167,112.9333,72.81,95,81,0.34
505,Cururupu,BR,2021-02-26 16:55:46,-1.8283,-44.8683,81.61,83,84,6.33
506,Qeshm,IR,2021-02-26 16:55:46,26.9581,56.2719,71.6,64,0,11.5
507,Moron,AR,2021-02-26 16:55:46,-34.6534,-58.6198,88.0,31,0,8.99
508,Makakilo City,US,2021-02-26 16:55:46,21.3469,-158.0858,73.4,64,1,5.75
509,Atar,MR,2021-02-26 16:55:47,20.5169,-13.0499,81.84,14,0,18.48
510,Athabasca,CA,2021-02-26 16:55:47,54.7169,-113.2854,-5.8,71,100,9.22
511,Sao Miguel Do Araguaia,BR,2021-02-26 16:55:48,-13.275,-50.1628,84.31,72,76,4.88
512,Nileshwar,IN,2021-02-26 16:55:48,12.25,75.1,80.17,79,0,9.06
513,Panevezys,LT,2021-02-26 16:55:48,55.7333,24.35,39.2,87,90,14.97
514,Guerrero Negro,MX,2021-02-26 16:55:49,27.9769,-114.0611,66.02,27,74,1.88
515,Auki,SB,2021-02-26 16:55:49,-8.7676,160.7034,78.1,87,100,9.04
516,Zhangjiakou,CN,2021-02-26 16:55:50,40.81,114.8794,32.23,62,82,9.55
517,Xiantao,CN,2021-02-26 16:55:50,30.3833,113.4,43.93,83,99,6.15
518,Ossora,RU,2021-02-26 16:55:47,59.2353,163.0719,-3.3,96,99,6.2
519,Gat,IL,2021-02-26 16:55:51,31.61,34.7642,63.0,45,0,7.9
520,Sangar,RU,2021-02-26 16:55:51,63.9242,127.4739,-27.49,82,18,5.97
521,Suntar,RU,2021-02-26 16:55:51,62.1444,117.6319,-13.77,89,94,2.62
522,Ketchikan,US,2021-02-26 16:54:50,55.3422,-131.6461,42.8,70,40,8.05
523,Gallup,US,2021-02-26 16:55:52,35.5281,-108.7426,36.0,47,1,8.68
524,Mahibadhoo,MV,2021-02-26 16:55:52,3.7833,72.9667,82.33,72,55,10.87
525,Tukrah,LY,2021-02-26 16:55:52,32.5341,20.5791,57.47,77,15,11.92
526,San Andres,CO,2021-02-26 16:55:52,12.5847,-81.7006,86.0,66,20,18.41
527,Asfi,MA,2021-02-26 16:55:53,32.2994,-9.2372,59.58,66,97,10.49
528,Rusape,ZW,2021-02-26 16:55:53,-18.5278,32.1284,64.83,92,80,5.73
529,Saint-Francois,FR,2021-02-26 16:55:53,46.4154,3.9054,48.2,87,90,10.36
530,Novopavlovka,RU,2021-02-26 16:55:54,51.2172,109.2091,6.12,91,100,5.7
531,Katghora,IN,2021-02-26 16:55:54,22.5,82.55,73.15,16,0,4.68
532,Xinye,CN,2021-02-26 16:55:54,32.5186,112.3522,46.0,40,98,6.51
533,Englewood,US,2021-02-26 16:52:46,39.6478,-104.9878,39.0,47,0,5.01
534,Harindanga,IN,2021-02-26 16:55:55,22.0383,88.3214,80.6,65,0,4.61
535,Port Hedland,AU,2021-02-26 16:55:55,-20.3167,118.5667,86.0,79,20,17.27
536,Oranjemund,NA,2021-02-26 16:55:55,-28.55,16.4333,65.71,77,0,12.28
537,Calabozo,VE,2021-02-26 16:55:56,8.9242,-67.4293,94.96,33,86,10.27
538,Atyrau,KZ,2021-02-26 16:55:56,47.1167,51.8833,23.0,93,90,4.47
539,Loei,TH,2021-02-26 16:55:56,17.4167,101.5,80.01,40,0,3.91
540,Barra Patuca,HN,2021-02-26 16:55:57,15.8,-84.2833,81.18,73,21,11.56
541,Namatanai,PG,2021-02-26 16:55:00,-3.6667,152.4333,79.07,82,100,4.76
542,Bosaso,SO,2021-02-26 16:55:38,11.2842,49.1816,76.14,77,0,4.92
543,Sabang,ID,2021-02-26 16:55:57,5.8933,95.3214,81.3,69,80,7.05
544,Yuncheng,CN,2021-02-26 16:55:58,35.0231,110.9928,37.94,84,51,7.16
545,Misratah,LY,2021-02-26 16:55:58,32.3754,15.0925,59.52,66,63,9.98
546,Usinsk,RU,2021-02-26 16:55:59,65.9939,57.5281,-2.83,89,96,13.69
547,Tabou,CI,2021-02-26 16:55:59,4.423,-7.3528,81.99,78,10,8.14
548,Leoben,AT,2021-02-26 16:55:59,47.3461,15.1257,60.8,50,1,3.44
549,Virovitica,HR,2021-02-26 16:56:00,45.8319,17.3839,62.6,45,0,3.44
550,Linqiong,CN,2021-02-26 16:56:00,30.4159,103.4609,55.99,76,75,4.47
551,Apomu,NG,2021-02-26 16:56:00,7.3333,4.1833,92.91,36,71,4.12
552,Tarbagatay,RU,2021-02-26 16:56:01,51.4803,107.3602,10.4,61,75,8.95
553,Sobolevo,RU,2021-02-26 16:56:01,54.4299,31.8996,35.89,88,24,12.71
554,Hamada,JP,2021-02-26 16:56:01,34.8833,132.0833,43.0,13,100,5.01
555,Chachapoyas,PE,2021-02-26 16:55:09,-6.2317,-77.869,69.3,54,17,8.55
556,Tongliao,CN,2021-02-26 16:54:20,43.6125,122.2653,27.52,77,31,12.62
557,Lock Haven,US,2021-02-26 16:56:02,41.137,-77.4469,39.99,42,6,1.01
558,San Policarpo,PH,2021-02-26 16:56:03,12.1791,125.5072,80.62,84,100,7.83
559,Murygino,RU,2021-02-26 16:56:03,58.7383,49.4582,2.32,91,100,12.66
560,Ninghai,CN,2021-02-26 16:56:03,29.2892,121.4247,54.0,99,100,1.99
