City_ID,City,Country,Date,Lat,Lng,Max Temp,Humidity,Cloudiness,Wind Speed,Current Description
0,Hermanus,ZA,2021-02-26 00:02:06,-34.4187,19.2345,63.0,85,43,12.91,scattered clouds
1,Bluff,NZ,2021-02-26 00:02:32,-46.6,168.3333,64.0,69,96,4.0,overcast clouds
2,Puerto Ayora,EC,2021-02-26 00:03:36,-0.7393,-90.3518,80.01,90,76,5.01,light rain
3,Sao Miguel Do Araguaia,BR,2021-02-26 00:05:49,-13.275,-50.1628,74.64,88,52,3.44,broken clouds
4,Dajal,PK,2021-02-26 00:05:50,29.5577,70.3762,64.69,29,0,5.06,clear sky
5,Shingu,JP,2021-02-26 00:05:13,33.7333,135.9833,50.0,50,75,5.75,broken clouds
6,Soto,AR,2021-02-26 00:05:50,-32.8107,-61.4026,86.0,37,0,5.48,clear sky
7,Kaitangata,NZ,2021-02-26 00:02:16,-46.2817,169.8464,64.0,75,88,8.01,overcast clouds
8,Ushuaia,AR,2021-02-26 00:03:44,-54.8,-68.3,44.6,65,75,25.32,broken clouds
9,Jamestown,US,2021-02-26 00:02:00,42.097,-79.2353,26.6,63,1,4.61,clear sky
10,Talnakh,RU,2021-02-26 00:03:34,69.4865,88.3972,-21.01,86,100,0.67,overcast clouds
11,Ponta Do Sol,PT,2021-02-26 00:02:38,32.6667,-17.1,55.0,54,1,3.0,clear sky
12,Los Llanos De Aridane,ES,2021-02-26 00:05:27,28.6585,-17.9182,62.6,59,75,13.8,broken clouds
13,Barabai,ID,2021-02-26 00:05:52,-2.5833,115.3833,78.85,81,85,0.27,overcast clouds
14,Rikitea,PF,2021-02-26 00:01:02,-23.1203,-134.9692,75.56,89,100,23.96,moderate rain
15,Busselton,AU,2021-02-26 00:03:18,-33.65,115.3333,68.0,73,45,3.0,scattered clouds
16,Thai Binh,VN,2021-02-26 00:05:52,20.45,106.3333,71.6,88,90,2.3,overcast clouds
17,Mayo,US,2021-02-26 00:02:49,38.8876,-76.5119,44.6,56,1,0.98,clear sky
18,Saskylakh,RU,2021-02-26 00:03:17,71.9167,114.0833,-32.6,79,0,7.31,clear sky
19,Mar Del Plata,AR,2021-02-25 23:59:12,-38.0023,-57.5575,71.01,83,0,3.44,clear sky
20,Lagoa,PT,2021-02-26 00:05:24,39.05,-27.9833,58.42,85,100,21.65,overcast clouds
21,Griffith,US,2021-02-26 00:05:54,41.5284,-87.4237,37.4,64,1,8.05,clear sky
22,Kapaa,US,2021-02-26 00:01:04,22.0752,-159.319,75.2,73,75,23.02,light rain
23,Butaritari,KI,2021-02-26 00:05:01,3.0707,172.7902,81.61,81,61,16.62,broken clouds
24,Saint-Philippe,RE,2021-02-26 00:03:48,-21.3585,55.7679,78.8,61,90,5.75,overcast clouds
25,Pisco,PE,2021-02-26 00:05:54,-13.7,-76.2167,73.4,73,0,16.11,clear sky
26,Barrow,US,2021-02-26 00:03:55,71.2906,-156.7887,-23.8,76,1,8.05,clear sky
27,Diffa,NE,2021-02-26 00:04:22,13.3154,12.6113,69.1,24,0,10.07,clear sky
28,Albany,US,2021-02-25 23:59:14,42.6001,-73.9662,32.0,51,20,17.27,few clouds
29,Cherskiy,RU,2021-02-26 00:03:19,68.75,161.3,-24.09,85,99,6.8,overcast clouds
30,Fairbanks,US,2021-02-26 00:02:28,64.8378,-147.7164,9.0,85,90,5.75,light snow
31,Whitehorse,CA,2021-02-26 00:04:57,60.7161,-135.0538,21.99,86,90,4.61,light snow
32,Seka,TH,2021-02-26 00:05:56,17.9285,103.9552,78.01,60,62,4.07,broken clouds
33,Galle,LK,2021-02-26 00:05:57,6.0367,80.217,75.2,88,18,4.97,few clouds
34,Castro,BR,2021-02-26 00:03:34,-24.7911,-50.0119,62.69,95,8,7.16,clear sky
35,Karratha,AU,2021-02-26 00:03:17,-20.7377,116.8463,87.93,61,8,15.26,clear sky
36,Bredasdorp,ZA,2021-02-26 00:03:34,-34.5322,20.0403,62.6,88,26,3.44,scattered clouds
37,Srednekolymsk,RU,2021-02-26 00:03:50,67.45,153.6833,-21.03,86,97,3.98,overcast clouds
38,Auki,SB,2021-02-26 00:05:58,-8.7676,160.7034,80.69,84,100,8.46,overcast clouds
39,Bronnoysund,NO,2021-02-26 00:05:58,65.4625,12.1997,42.8,93,75,16.11,broken clouds
40,Hithadhoo,MV,2021-02-26 00:03:10,-0.6,73.0833,82.38,74,14,9.89,few clouds
41,Cayenne,GF,2021-02-26 00:04:59,4.9333,-52.3333,77.0,94,75,3.44,broken clouds
42,Colares,PT,2021-02-26 00:05:59,38.7992,-9.4469,54.0,88,73,12.39,broken clouds
43,Salinas,US,2021-02-26 00:03:48,36.6777,-121.6555,62.6,45,1,14.97,clear sky
44,Nikolskoye,RU,2021-02-26 00:02:43,59.7035,30.7861,41.0,93,90,8.95,light rain
45,Ilava,SK,2021-02-26 00:06:00,48.9977,18.2353,45.0,88,0,2.17,clear sky
46,Hobart,AU,2021-02-25 23:58:55,-42.8794,147.3294,64.99,82,75,16.11,broken clouds
47,Cunduacan,MX,2021-02-26 00:06:01,18.0667,-93.1667,86.0,54,1,11.5,clear sky
48,Thompson,CA,2021-02-26 00:02:12,55.7435,-97.8558,24.8,74,90,3.44,overcast clouds
49,Esperance,AU,2021-02-26 00:03:41,-33.8667,121.9,62.6,77,90,17.27,light rain
50,Warwick,US,2021-02-26 00:04:37,41.7001,-71.4162,41.0,30,1,16.11,clear sky
51,Vlore,AL,2021-02-26 00:04:13,40.4667,19.4897,54.73,69,0,4.45,clear sky
52,Santo Antonio Do Leverger,BR,2021-02-26 00:06:02,-15.8656,-56.0767,80.6,78,40,5.75,scattered clouds
53,Port Macquarie,AU,2021-02-26 00:06:02,-31.4333,152.9167,87.01,53,4,0.43,clear sky
54,Guerrero Negro,MX,2021-02-26 00:06:03,27.9769,-114.0611,76.82,19,50,4.85,scattered clouds
55,Hasaki,JP,2021-02-26 00:04:23,35.7333,140.8333,45.0,45,75,5.75,broken clouds
56,Ribeira Brava,PT,2021-02-26 00:06:03,32.65,-17.0667,55.0,68,1,8.72,clear sky
57,Port Alfred,ZA,2021-02-26 00:03:49,-33.5906,26.891,66.99,95,33,7.0,scattered clouds
58,Cabo San Lucas,MX,2021-02-26 00:02:59,22.8909,-109.9124,78.01,49,40,8.05,scattered clouds
59,Mitsamiouli,KM,2021-02-26 00:06:04,-11.3847,43.2844,81.84,78,27,6.42,light rain
60,Ngama,TD,2021-02-26 00:06:04,11.7833,17.1667,74.97,16,2,10.98,clear sky
61,Wanning,CN,2021-02-26 00:06:05,18.8003,110.3967,71.04,90,74,6.24,broken clouds
62,Hobyo,SO,2021-02-26 00:06:05,5.3505,48.5268,75.51,84,43,12.46,scattered clouds
63,Lumeje,AO,2021-02-26 00:06:05,-11.55,20.7833,67.1,85,100,7.74,overcast clouds
64,Touros,BR,2021-02-26 00:04:59,-5.1989,-35.4608,82.4,74,40,10.36,scattered clouds
65,Mabaruma,GY,2021-02-26 00:03:47,8.2,-59.7833,74.89,85,66,5.32,broken clouds
66,Mataura,NZ,2021-02-26 00:03:33,-46.1927,168.8643,64.0,69,96,4.0,overcast clouds
67,Upernavik,GL,2021-02-26 00:03:47,72.7868,-56.1549,6.15,76,2,7.0,clear sky
68,Mariental,NA,2021-02-26 00:06:06,-24.6333,17.9667,77.0,49,0,1.77,clear sky
69,Norman Wells,CA,2021-02-26 00:04:01,65.282,-126.8329,-16.6,63,20,3.44,few clouds
70,Bafq,IR,2021-02-26 00:06:07,31.6128,55.4107,34.5,70,37,3.74,scattered clouds
71,Hilo,US,2021-02-26 00:03:14,19.7297,-155.09,77.0,65,20,10.36,light rain
72,Tuktoyaktuk,CA,2021-02-26 00:03:38,69.4541,-133.0374,-36.4,67,20,2.3,few clouds
73,Krasnoselkup,RU,2021-02-26 00:06:07,65.7,82.4667,-33.48,82,1,7.23,clear sky
74,Yellowknife,CA,2021-02-26 00:00:05,62.456,-114.3525,-23.01,51,20,10.36,few clouds
75,Alice Springs,AU,2021-02-26 00:02:47,-23.7,133.8833,77.0,15,0,14.97,clear sky
76,Punta Arenas,CL,2021-02-26 00:02:24,-53.15,-70.9167,53.6,71,75,12.66,light rain
77,Sao Filipe,CV,2021-02-26 00:04:35,14.8961,-24.4956,71.74,74,0,9.06,clear sky
78,Krasnyy Chikoy,RU,2021-02-26 00:06:08,50.3643,108.7512,19.56,92,100,1.41,overcast clouds
79,Lavrentiya,RU,2021-02-26 00:06:09,65.5833,-171.0,-13.61,80,0,6.08,clear sky
80,Alofi,NU,2021-02-26 00:05:15,-19.0595,-169.9187,84.2,74,75,8.05,light rain
81,Palmer,US,2021-02-26 00:06:09,42.1584,-72.3287,39.2,38,1,10.36,clear sky
82,Torbay,CA,2021-02-26 00:01:20,47.6666,-52.7314,39.2,93,90,20.71,moderate rain
83,Kodiak,US,2021-02-26 00:02:35,57.79,-152.4072,42.8,49,1,25.32,clear sky
84,Zeya,RU,2021-02-26 00:06:10,53.75,127.2667,-8.72,83,0,0.56,clear sky
85,Isangel,VU,2021-02-26 00:02:35,-19.55,169.2667,86.0,70,40,8.05,scattered clouds
86,Abha,SA,2021-02-26 00:06:11,18.2164,42.5053,55.4,94,0,0.76,clear sky
87,Port Elizabeth,ZA,2021-02-26 00:02:15,-33.918,25.5701,64.4,94,75,6.91,light rain
88,Arraial Do Cabo,BR,2021-02-26 00:04:38,-22.9661,-42.0278,77.13,88,100,6.67,overcast clouds
89,Mahebourg,MU,2021-02-26 00:01:05,-20.4081,57.7,78.8,78,40,4.61,scattered clouds
90,Chokurdakh,RU,2021-02-26 00:04:17,70.6333,147.9167,-25.47,86,93,2.93,overcast clouds
91,Leninskoye,KZ,2021-02-26 00:06:12,41.7589,69.3864,10.4,67,0,9.22,clear sky
92,Cap Malheureux,MU,2021-02-26 00:06:12,-19.9842,57.6142,78.01,76,8,3.0,clear sky
93,Atasu,KZ,2021-02-26 00:02:17,48.6814,71.6433,-21.33,88,98,7.56,overcast clouds
94,Mgandu,TZ,2021-02-26 00:06:13,-5.95,34.1333,60.96,93,61,2.71,broken clouds
95,Iztapa,GT,2021-02-26 00:06:13,13.9333,-90.7075,86.0,62,20,9.22,few clouds
96,Smithers,CA,2021-02-26 00:06:13,54.7804,-127.1743,33.8,86,90,4.61,light snow
97,Luchegorsk,RU,2021-02-26 00:06:13,46.4764,134.2569,-1.16,87,95,4.74,overcast clouds
98,Vaini,TO,2021-02-26 00:03:25,-21.2,-175.2,82.4,69,20,9.22,few clouds
99,Cape Town,ZA,2021-02-26 00:00:55,-33.9258,18.4232,68.0,60,0,29.93,clear sky
100,Severo-Kurilsk,RU,2021-02-26 00:05:07,50.6789,156.125,22.44,91,66,12.24,broken clouds
101,Velsk,RU,2021-02-26 00:06:14,61.0701,42.0983,-1.23,97,42,5.97,scattered clouds
102,Dobson,US,2021-02-26 00:04:11,36.3957,-80.7226,57.2,18,1,2.73,clear sky
103,Beyneu,KZ,2021-02-26 00:05:25,45.3167,55.2,14.31,89,100,9.4,overcast clouds
104,Salalah,OM,2021-02-26 00:03:58,17.0151,54.0924,75.2,73,75,3.44,broken clouds
105,Port Hardy,CA,2021-02-26 00:06:15,50.6996,-127.4199,44.6,76,75,12.66,light rain
106,Chuy,UY,2021-02-26 00:04:29,-33.6971,-53.4616,66.15,76,0,5.3,light rain
107,Rondonopolis,BR,2021-02-26 00:04:04,-16.4708,-54.6356,80.11,70,97,3.6,overcast clouds
108,Americus,US,2021-02-26 00:06:16,32.0724,-84.2327,73.4,43,1,3.51,clear sky
109,Dinanagar,IN,2021-02-26 00:06:16,32.15,75.4667,63.59,32,17,6.06,few clouds
110,Camocim,BR,2021-02-26 00:02:07,-2.9022,-40.8411,78.48,86,63,10.54,broken clouds
111,Mount Gambier,AU,2021-02-26 00:03:51,-37.8333,140.7667,62.6,48,90,10.36,overcast clouds
112,Ligayan,PH,2021-02-26 00:06:17,4.6533,119.4706,80.92,77,3,3.06,clear sky
113,Bengkulu,ID,2021-02-26 00:03:27,-3.8004,102.2655,75.63,84,99,5.93,overcast clouds
114,Boa Vista,BR,2021-02-26 00:06:17,2.8197,-60.6733,86.0,54,0,6.91,clear sky
115,Kamaishi,JP,2021-02-26 00:06:18,39.2667,141.8833,30.2,80,20,4.61,few clouds
116,Jackson,US,2021-02-26 00:06:18,42.4165,-122.8345,55.4,47,40,8.05,scattered clouds
117,Cururupu,BR,2021-02-26 00:03:58,-1.8283,-44.8683,75.25,94,99,3.87,overcast clouds
118,Lebu,CL,2021-02-26 00:03:26,-37.6167,-73.65,57.9,91,57,17.0,broken clouds
119,Faanui,PF,2021-02-26 00:03:23,-16.4833,-151.75,82.65,74,5,12.59,clear sky
120,Dikson,RU,2021-02-26 00:02:07,73.5069,80.5464,-18.13,88,73,8.57,broken clouds
121,Amos,CA,2021-02-26 00:06:19,48.5669,-78.1162,8.6,52,75,2.3,broken clouds
122,Paveh,IR,2021-02-26 00:06:19,35.0434,46.3565,32.13,91,1,5.86,clear sky
123,Adre,TD,2021-02-26 00:03:49,13.4667,22.2,62.29,29,3,16.31,clear sky
124,Roma,US,2021-02-26 00:05:01,43.2128,-75.4557,26.6,59,1,5.75,clear sky
125,Naze,JP,2021-02-26 00:05:25,28.3667,129.4833,69.8,88,75,24.16,light rain
126,Challapata,BO,2021-02-26 00:06:20,-18.9,-66.7667,54.01,53,65,9.71,broken clouds
127,Atambua,ID,2021-02-26 00:06:20,-9.1061,124.8925,78.37,79,81,1.25,broken clouds
128,Vrangel,RU,2021-02-26 00:04:00,42.7297,133.0839,16.79,82,1,9.31,clear sky
129,Avarua,CK,2021-02-26 00:01:19,-21.2078,-159.775,82.4,78,75,8.05,broken clouds
130,Lorengau,PG,2021-02-26 00:04:41,-2.0226,147.2712,84.29,75,100,10.36,overcast clouds
131,Sur,OM,2021-02-26 00:06:21,22.5667,59.5289,77.02,42,0,11.95,clear sky
132,Aklavik,CA,2021-02-26 00:04:06,68.2191,-135.0107,-27.4,68,75,4.61,broken clouds
133,Guhagar,IN,2021-02-26 00:06:23,17.4842,73.1929,74.17,56,4,6.22,clear sky
134,Alausi,EC,2021-02-26 00:06:23,-2.2,-78.8333,51.24,89,100,3.22,light rain
135,Tessalit,ML,2021-02-26 00:04:19,20.1986,1.0114,56.05,24,0,8.72,clear sky
136,Nanortalik,GL,2021-02-26 00:06:24,60.1432,-45.2371,29.17,90,100,7.36,overcast clouds
137,Abu Dhabi,AE,2021-02-26 00:03:38,24.4667,54.3667,69.8,83,20,16.11,few clouds
138,Hede,CN,2021-02-26 00:06:24,33.7681,120.2517,43.36,74,100,13.96,light rain
139,Bradford,GB,2021-02-26 00:06:25,53.7939,-1.7521,41.0,40,0,5.91,clear sky
140,Gat,IL,2021-02-26 00:02:03,31.61,34.7642,53.01,100,0,1.99,clear sky
141,Bayonet Point,US,2021-02-26 00:06:25,28.3267,-82.6834,70.0,81,0,6.8,clear sky
142,Pangody,RU,2021-02-26 00:06:26,65.85,74.4859,-21.68,88,92,2.77,overcast clouds
143,Antalya,TR,2021-02-26 00:06:26,36.7741,30.7178,53.6,40,0,12.66,clear sky
144,Airai,TL,2021-02-26 00:03:59,-8.9266,125.4092,68.09,89,60,1.95,broken clouds
145,Bolitoc,PH,2021-02-26 00:06:27,15.7395,119.8769,80.37,70,50,1.86,scattered clouds
146,Verkhniy Uslon,RU,2021-02-26 00:06:27,55.7701,48.9823,-0.4,78,99,13.42,snow
147,Paducah,US,2021-02-26 00:06:28,37.0834,-88.6001,48.0,49,1,5.75,clear sky
148,Aitape,PG,2021-02-26 00:06:28,-3.1374,142.3475,81.54,80,100,5.97,very heavy rain
149,East London,ZA,2021-02-26 00:03:43,-33.0153,27.9116,66.87,79,37,6.24,light rain
150,El Carrizo,MX,2021-02-26 00:06:29,24.0261,-106.8814,78.01,61,32,3.0,scattered clouds
151,Letnyaya Stavka,RU,2021-02-26 00:06:29,45.4306,43.4472,26.49,92,100,16.13,overcast clouds
152,North Platte,US,2021-02-26 00:06:29,41.1239,-100.7654,39.2,56,1,10.36,clear sky
153,De Haan,BE,2021-02-26 00:06:29,51.272,3.0429,45.0,93,75,3.44,light rain
154,Manaquiri,BR,2021-02-26 00:06:30,-3.3167,-60.35,77.0,94,75,2.3,light rain
155,Koungou,YT,2021-02-26 00:06:30,-12.7336,45.2042,80.6,83,0,6.91,clear sky
156,Puerto Ayacucho,VE,2021-02-26 00:06:30,5.6639,-67.6236,80.87,69,96,4.41,overcast clouds
157,Hamilton,US,2021-02-26 00:00:12,39.1834,-84.5333,42.01,55,39,3.09,scattered clouds
158,Coquimbo,CL,2021-02-26 00:02:36,-29.9533,-71.3436,64.4,72,0,11.5,clear sky
159,Carnarvon,AU,2021-02-26 00:04:27,-24.8667,113.6333,73.4,88,75,16.11,broken clouds
160,Salta,AR,2021-02-26 00:02:37,-24.7859,-65.4117,71.6,83,75,6.91,broken clouds
161,Forest,US,2021-02-26 00:04:34,37.3638,-79.2897,50.0,34,1,3.44,clear sky
162,Normandin,CA,2021-02-26 00:06:32,48.8333,-72.5321,5.0,60,93,10.36,overcast clouds
163,Nchelenge,ZM,2021-02-26 00:06:32,-9.3451,28.734,69.1,87,74,3.8,light rain
164,San Cristobal,VE,2021-02-26 00:04:32,7.7669,-72.225,82.4,69,40,2.3,scattered clouds
165,Nuevo Emperador,PA,2021-02-26 00:06:33,8.9989,-79.7272,84.2,70,40,12.66,scattered clouds
166,Pestretsy,RU,2021-02-26 00:06:33,55.7531,49.6545,-0.4,78,100,13.42,snow
167,Vetluzhskiy,RU,2021-02-26 00:06:33,58.3902,45.4654,-2.6,92,90,5.73,overcast clouds
168,Macas,EC,2021-02-26 00:06:33,-2.3167,-78.1167,71.6,83,75,3.44,broken clouds
169,Kulhudhuffushi,MV,2021-02-26 00:06:34,6.6221,73.07,81.28,68,48,5.46,scattered clouds
170,Rawson,AR,2021-02-26 00:02:22,-43.3002,-65.1023,73.85,41,0,16.11,clear sky
171,Mount Isa,AU,2021-02-26 00:04:59,-20.7333,139.5,78.8,14,96,11.5,overcast clouds
172,Tupa,BR,2021-02-26 00:06:34,-21.9347,-50.5136,73.65,83,7,4.47,clear sky
173,Namatanai,PG,2021-02-26 00:06:35,-3.6667,152.4333,83.48,73,91,4.38,moderate rain
174,Thinadhoo,MV,2021-02-26 00:06:35,0.5333,72.9333,81.28,80,37,13.18,scattered clouds
175,Fort Nelson,CA,2021-02-26 00:02:11,58.8053,-122.7002,3.2,72,75,8.05,snow
176,Novyy Urgal,RU,2021-02-26 00:06:36,51.0736,132.5642,-3.95,86,96,2.08,overcast clouds
177,Susehri,TR,2021-02-26 00:06:36,40.1644,38.0867,22.95,91,58,1.68,broken clouds
178,Kruisfontein,ZA,2021-02-26 00:05:04,-34.0033,24.7314,63.0,94,59,1.99,light rain
179,Zelenoborsk,RU,2021-02-26 00:06:37,61.4669,64.0333,-18.08,89,0,2.04,clear sky
180,Greymouth,NZ,2021-02-26 00:06:37,-42.4667,171.2,65.48,90,79,9.64,broken clouds
181,Ixtapa,MX,2021-02-26 00:03:04,20.7,-105.2,75.2,78,75,5.75,broken clouds
182,Chapais,CA,2021-02-26 00:06:38,49.7834,-74.8492,1.4,66,90,3.44,overcast clouds
183,Pevek,RU,2021-02-26 00:04:00,69.7008,170.3133,-22.97,87,98,7.11,overcast clouds
184,Saint Anthony,US,2021-02-26 00:01:23,45.0205,-93.218,35.6,55,1,11.5,clear sky
185,Ostrovnoy,RU,2021-02-26 00:05:04,68.0531,39.5131,14.05,94,100,22.08,light snow
186,Dingle,PH,2021-02-26 00:04:22,10.9995,122.6711,78.53,83,59,5.97,broken clouds
187,Iqaluit,CA,2021-02-26 00:02:42,63.7506,-68.5145,-14.01,70,90,26.46,snow
188,Bambous Virieux,MU,2021-02-26 00:03:24,-20.3428,57.7575,78.8,78,40,4.61,scattered clouds
189,Kavieng,PG,2021-02-26 00:03:28,-2.5744,150.7967,83.88,77,72,10.56,light rain
190,Nipawin,CA,2021-02-26 00:06:40,53.3668,-104.0009,23.0,80,90,10.36,overcast clouds
191,Hambantota,LK,2021-02-26 00:05:33,6.1241,81.1185,73.4,100,20,2.3,few clouds
192,Kirundo,BI,2021-02-26 00:06:40,-2.5833,30.1667,62.01,100,15,4.0,few clouds
193,Souillac,MU,2021-02-26 00:04:19,-20.5167,57.5167,78.8,78,40,4.61,scattered clouds
194,Tasiilaq,GL,2021-02-26 00:03:20,65.6145,-37.6368,28.4,74,90,31.07,light snow
195,Kununurra,AU,2021-02-26 00:05:24,-15.7667,128.7333,84.2,64,100,1.14,overcast clouds
196,Pratapgarh,IN,2021-02-26 00:06:41,24.0333,74.7833,63.57,34,0,2.93,clear sky
197,Livingstonia,MW,2021-02-26 00:06:42,-10.606,34.1063,64.54,80,83,5.26,broken clouds
198,Ucluelet,CA,2021-02-25 23:59:53,48.9329,-125.5528,46.99,81,75,27.63,broken clouds
199,Honiara,SB,2021-02-26 00:06:42,-9.4333,159.95,81.99,85,100,9.51,overcast clouds
200,Khatanga,RU,2021-02-26 00:04:10,71.9667,102.5,-34.38,78,0,6.6,clear sky
201,Ahipara,NZ,2021-02-26 00:02:26,-35.1667,173.1667,73.76,55,3,3.83,clear sky
202,Saiha,IN,2021-02-26 00:06:43,22.4833,92.9667,57.78,62,2,3.78,clear sky
203,Qaanaaq,GL,2021-02-26 00:02:14,77.484,-69.3632,14.27,87,100,4.12,overcast clouds
204,Adeje,ES,2021-02-26 00:06:43,28.1227,-16.726,64.99,59,20,21.85,few clouds
205,Mina,MX,2021-02-26 00:06:43,26.0011,-100.5299,86.0,35,75,20.71,broken clouds
206,Fukue,JP,2021-02-26 00:01:58,32.6881,128.8419,50.0,93,75,19.57,moderate rain
207,Teya,RU,2021-02-26 00:03:29,60.3778,92.6267,-8.45,90,100,8.48,overcast clouds
208,Joshimath,IN,2021-02-26 00:06:44,30.5667,79.5667,46.27,39,0,6.42,clear sky
209,Lompoc,US,2021-02-26 00:04:10,34.6391,-120.4579,62.6,36,20,12.66,few clouds
210,Belmonte,BR,2021-02-26 00:04:53,-15.8631,-38.8828,78.8,73,20,8.05,few clouds
211,Bermejo,AR,2021-02-26 00:06:45,-32.8833,-68.8,89.6,43,40,3.44,scattered clouds
212,Reyes,BO,2021-02-26 00:06:45,-14.3167,-67.3833,87.8,84,40,1.83,scattered clouds
213,Belonia,IN,2021-02-26 00:06:46,23.2528,91.4514,62.78,96,0,6.51,clear sky
214,Arlit,NE,2021-02-26 00:06:46,18.7369,7.3853,63.46,23,0,3.24,clear sky
215,Vermillion,US,2021-02-26 00:06:47,42.7794,-96.9292,42.8,42,1,10.36,clear sky
216,Vardo,NO,2021-02-26 00:05:13,70.3705,31.1107,36.68,89,100,13.71,overcast clouds
217,Kendari,ID,2021-02-26 00:04:00,-3.945,122.4989,79.21,88,100,2.28,light rain
218,Ancud,CL,2021-02-26 00:06:48,-41.8697,-73.8203,66.2,63,0,2.3,clear sky
219,Walvis Bay,NA,2021-02-26 00:05:08,-22.9575,14.5053,63.0,92,46,8.99,scattered clouds
220,Burewala,PK,2021-02-26 00:06:48,30.1667,72.65,66.16,26,0,5.06,clear sky
221,Buchanan,LR,2021-02-26 00:05:17,5.8808,-10.0467,79.14,86,0,7.65,clear sky
222,Zanjan,IR,2021-02-26 00:02:17,36.6736,48.4787,25.48,73,48,1.7,scattered clouds
223,Lasa,IT,2021-02-26 00:04:26,46.6166,10.7002,43.0,80,0,8.05,clear sky
224,Darhan,MN,2021-02-26 00:06:49,49.4867,105.9228,17.73,95,100,6.49,light snow
225,Leshukonskoye,RU,2021-02-26 00:06:49,64.8989,45.7622,1.78,91,100,9.89,overcast clouds
226,New Norfolk,AU,2021-02-26 00:03:25,-42.7826,147.0587,63.0,60,65,3.0,broken clouds
227,San Patricio,US,2021-02-26 00:04:15,28.017,-97.5169,73.4,78,75,26.46,broken clouds
228,Jalu,LY,2021-02-26 00:03:47,29.0331,21.5482,54.82,60,0,9.51,clear sky
229,Ribeira Grande,PT,2021-02-26 00:02:14,38.5167,-28.7,59.99,84,100,24.79,overcast clouds
230,Aswan,EG,2021-02-26 00:06:50,24.0934,32.907,55.54,60,0,4.79,clear sky
231,Portland,US,2021-02-26 00:01:19,45.5234,-122.6762,46.4,71,90,6.91,moderate rain
232,Bethel,US,2021-02-26 00:05:30,41.3712,-73.414,42.8,26,1,10.36,clear sky
233,Macenta,GN,2021-02-26 00:06:51,8.5435,-9.471,70.16,56,27,0.38,scattered clouds
234,Sharlyk,RU,2021-02-26 00:06:51,52.9167,54.75,-8.63,97,100,12.91,overcast clouds
235,Boyolangu,ID,2021-02-26 00:04:13,-8.1181,111.8935,77.18,81,80,6.02,broken clouds
236,Ewa Beach,US,2021-02-26 00:03:54,21.3156,-158.0072,84.2,48,75,12.66,broken clouds
237,Northam,GB,2021-02-26 00:06:52,51.0333,-4.2167,42.01,87,0,1.01,clear sky
238,Brokopondo,SR,2021-02-26 00:06:52,4.75,-55.1667,76.06,87,58,12.24,broken clouds
239,Reitz,ZA,2021-02-26 00:06:52,-27.8014,28.4273,54.79,96,3,10.78,clear sky
240,Moranbah,AU,2021-02-26 00:06:53,-22.0016,148.0466,84.25,55,16,16.53,few clouds
241,Leningradskiy,RU,2021-02-26 00:06:53,69.3833,178.4167,-21.35,84,75,2.55,broken clouds
242,Bartica,GY,2021-02-26 00:06:53,6.4,-58.6167,78.8,89,75,6.91,broken clouds
243,Puerto Del Rosario,ES,2021-02-26 00:06:54,28.5004,-13.8627,60.8,59,0,6.91,clear sky
244,Ibra,OM,2021-02-26 00:06:54,22.6906,58.5334,61.57,60,0,1.7,clear sky
245,Kurumkan,RU,2021-02-26 00:06:54,54.3,110.3,6.62,90,100,1.01,light snow
246,Burbank,US,2021-02-26 00:06:55,34.1808,-118.309,73.4,13,1,5.75,clear sky
247,Cidreira,BR,2021-02-26 00:03:43,-30.1811,-50.2056,73.99,74,5,11.83,clear sky
248,Atar,MR,2021-02-26 00:04:11,20.5169,-13.0499,67.41,25,0,9.33,clear sky
249,Taltal,CL,2021-02-26 00:04:25,-25.4,-70.4833,65.53,78,24,3.69,few clouds
250,Komsomolskiy,UZ,2021-02-26 00:06:56,40.4272,71.7189,23.0,46,100,2.3,overcast clouds
251,Westerland,DE,2021-02-26 00:06:56,54.9079,8.3033,39.99,93,84,16.11,broken clouds
252,Paamiut,GL,2021-02-26 00:02:15,61.994,-49.6678,22.23,85,4,5.12,clear sky
253,Katangli,RU,2021-02-26 00:06:57,51.7102,143.2326,0.54,91,100,10.36,overcast clouds
254,Grand-Santi,GF,2021-02-26 00:06:57,4.25,-54.3833,72.64,96,25,3.47,scattered clouds
255,Birao,CF,2021-02-26 00:06:58,10.2849,22.7882,69.53,22,32,8.88,scattered clouds
256,Saldanha,ZA,2021-02-26 00:02:59,-33.0117,17.9442,64.4,72,0,14.97,clear sky
257,San Quintin,MX,2021-02-26 00:03:09,30.4833,-115.95,63.36,55,0,6.08,clear sky
258,Petropavlovskoye,RU,2021-02-26 00:06:58,52.0712,84.107,-5.35,80,100,24.92,overcast clouds
259,Atuona,PF,2021-02-26 00:02:15,-9.8,-139.0333,80.47,78,6,12.15,clear sky
260,Umarkot,PK,2021-02-26 00:06:59,25.3616,69.7362,66.94,78,0,10.0,clear sky
261,Korla,CN,2021-02-26 00:00:38,41.7597,86.1469,39.16,36,100,15.86,overcast clouds
262,Puerto Maldonado,PE,2021-02-26 00:07:00,-12.6,-69.1833,79.66,82,91,2.44,overcast clouds
263,Yulara,AU,2021-02-26 00:04:47,-25.2406,130.9889,75.2,20,84,12.66,broken clouds
264,Yendi,GH,2021-02-26 00:07:00,9.4427,-0.0099,81.59,11,46,3.94,scattered clouds
265,Motihari,IN,2021-02-26 00:07:00,26.65,84.9167,58.35,46,0,3.76,clear sky
266,Quatre Cocos,MU,2021-02-26 00:04:17,-20.2078,57.7625,78.8,78,40,4.61,scattered clouds
267,San Ramon De La Nueva Oran,AR,2021-02-26 00:07:01,-23.1322,-64.326,75.99,93,52,0.78,broken clouds
268,Praya,CV,2021-02-26 00:03:28,14.9215,-23.5087,69.8,78,0,20.71,clear sky
269,Pangnirtung,CA,2021-02-26 00:02:40,66.1451,-65.7125,-5.8,84,90,6.91,light snow
270,Alyangula,AU,2021-02-26 00:07:02,-13.8483,136.4192,82.4,89,40,2.3,scattered clouds
271,Tricase,IT,2021-02-26 00:07:02,39.9304,18.3553,53.6,100,75,5.75,fog
272,Parbhani,IN,2021-02-26 00:07:02,19.2667,76.7833,72.61,31,0,5.06,clear sky
273,Lindas,NO,2021-02-26 00:07:02,60.7381,5.16,43.0,94,99,5.99,overcast clouds
274,Necochea,AR,2021-02-26 00:05:12,-38.5473,-58.7368,72.0,59,0,1.01,clear sky
275,Omsukchan,RU,2021-02-26 00:05:11,62.5333,155.8,-24.2,82,100,5.37,overcast clouds
276,Lubao,PH,2021-02-26 00:07:03,14.9167,120.55,73.4,83,40,2.3,scattered clouds
277,Bandarbeyla,SO,2021-02-26 00:03:35,9.4942,50.8122,77.31,76,62,11.95,broken clouds
278,Zacatecoluca,SV,2021-02-26 00:07:04,13.5,-88.8667,86.0,54,40,5.75,scattered clouds
279,Maturin,VE,2021-02-26 00:07:04,9.75,-63.1767,72.41,92,28,5.44,scattered clouds
280,Geraldton,AU,2021-02-26 00:00:16,-28.7667,114.6,71.6,83,90,5.75,overcast clouds
281,Brookhaven,US,2021-02-26 00:04:31,31.5791,-90.4407,69.01,87,96,2.08,overcast clouds
282,Codrington,AU,2021-02-26 00:06:13,-38.2667,141.9667,60.26,56,98,8.88,overcast clouds
283,Longyearbyen,SJ,2021-02-26 00:04:51,78.2186,15.6401,28.4,93,75,8.05,light snow
284,Okha,RU,2021-02-26 00:07:05,53.5739,142.9478,-0.72,91,100,12.1,overcast clouds
285,Bairiki,KI,2021-02-26 00:04:43,1.3292,172.9752,86.0,74,75,8.05,broken clouds
286,Ahuimanu,US,2021-02-26 00:07:06,21.4447,-157.8378,82.4,61,75,16.11,light rain
287,Sumbawanga,TZ,2021-02-26 00:03:12,-7.9667,31.6167,57.56,93,88,1.32,light rain
288,Cockburn Town,TC,2021-02-26 00:07:06,21.4612,-71.1419,77.0,73,40,11.5,scattered clouds
289,Baglan,AF,2021-02-26 00:07:07,36.1307,68.7083,27.0,93,100,4.45,snow
290,Caravelas,BR,2021-02-26 00:07:07,-17.7125,-39.2481,77.94,82,68,8.57,broken clouds
291,Eureka,US,2021-02-26 00:07:07,40.8021,-124.1637,52.0,86,9,11.01,clear sky
292,Nizhnyaya Poyma,RU,2021-02-26 00:07:08,56.1622,97.1933,-5.01,89,83,4.23,broken clouds
293,Porlamar,VE,2021-02-26 00:04:16,10.958,-63.8491,76.59,83,28,17.4,scattered clouds
294,Balikpapan,ID,2021-02-26 00:05:20,-1.2675,116.8289,78.8,89,75,3.44,broken clouds
295,Richards Bay,ZA,2021-02-26 00:07:09,-28.783,32.0377,69.49,82,64,6.91,broken clouds
296,Bluefield,US,2021-02-26 00:07:09,37.2698,-81.2223,44.6,31,1,5.75,clear sky
297,Custoias,PT,2021-02-26 00:07:09,41.1053,-7.321,48.99,92,100,3.31,overcast clouds
298,Klaksvik,FO,2021-02-26 00:03:17,62.2266,-6.589,42.8,81,40,13.8,scattered clouds
299,Tuatapere,NZ,2021-02-26 00:02:38,-46.1333,167.6833,64.0,69,90,4.0,overcast clouds
300,Kemijarvi,FI,2021-02-26 00:07:10,66.7131,27.4306,33.19,95,96,7.96,overcast clouds
301,Goya,AR,2021-02-26 00:07:10,-29.14,-59.2626,77.99,34,0,7.7,clear sky
302,Igarka,RU,2021-02-26 00:03:45,67.4667,86.5833,-30.51,82,0,4.59,clear sky
303,Mao,ES,2021-02-26 00:04:28,39.8885,4.2658,50.0,87,40,4.61,scattered clouds
304,Yar-Sale,RU,2021-02-26 00:04:48,66.8333,70.8333,-8.39,91,96,3.69,overcast clouds
305,La Reforma,MX,2021-02-26 00:07:11,25.0833,-108.05,89.01,29,21,7.0,few clouds
306,Aquin,HT,2021-02-26 00:07:11,18.2833,-73.4,76.3,70,3,4.09,clear sky
307,Broome,US,2021-02-26 00:02:22,42.2506,-75.833,28.4,59,1,8.05,clear sky
308,San Borja,BO,2021-02-26 00:07:09,-14.8167,-66.85,80.15,84,85,3.58,overcast clouds
309,Shitanjing,CN,2021-02-26 00:07:12,39.2342,106.3439,33.85,90,89,22.88,overcast clouds
310,Sitka,US,2021-02-26 00:02:40,57.0531,-135.33,39.2,75,90,24.16,heavy intensity rain
311,Chicama,PE,2021-02-26 00:07:13,-7.8447,-79.1469,74.95,64,30,7.29,scattered clouds
312,Havelock,US,2021-02-26 00:07:13,34.8791,-76.9013,51.01,57,40,10.36,scattered clouds
313,Vostok,RU,2021-02-26 00:04:38,46.4856,135.8833,-2.83,91,100,3.31,overcast clouds
314,Sola,VU,2021-02-26 00:07:14,-13.8833,167.55,82.63,80,99,14.92,overcast clouds
315,Changchun,CN,2021-02-26 00:07:14,43.88,125.3228,12.2,67,0,6.71,clear sky
316,Varhaug,NO,2021-02-26 00:04:37,58.6147,5.6457,44.6,87,75,14.97,broken clouds
317,Guaratinga,BR,2021-02-26 00:07:15,-16.5667,-39.5667,78.8,73,20,8.05,few clouds
318,Tiksi,RU,2021-02-26 00:03:53,71.6872,128.8694,-19.16,86,100,4.32,overcast clouds
319,Kaa-Khem,RU,2021-02-26 00:07:15,51.6833,94.7333,9.41,91,100,11.34,light snow
320,Moose Factory,CA,2021-02-26 00:07:16,51.2585,-80.6094,8.6,51,1,4.61,clear sky
321,Pouebo,NC,2021-02-26 00:07:16,-20.4,164.5667,84.24,66,87,11.95,overcast clouds
322,Constitucion,CL,2021-02-26 00:04:23,-35.3333,-72.4167,57.9,90,71,7.56,broken clouds
323,Sibolga,ID,2021-02-26 00:03:12,1.7427,98.7792,75.76,79,100,3.11,overcast clouds
324,Lake Cowichan,CA,2021-02-26 00:07:17,48.825,-124.0546,48.2,46,75,12.66,broken clouds
325,Zhigansk,RU,2021-02-26 00:07:17,66.7697,123.3711,-32.8,82,90,1.12,overcast clouds
326,Namibe,AO,2021-02-26 00:03:40,-15.1961,12.1522,73.53,68,97,6.78,overcast clouds
327,Sechura,PE,2021-02-26 00:04:27,-5.5569,-80.8222,78.49,64,26,15.97,scattered clouds
328,Havre,FR,2021-02-26 00:07:18,49.5833,0.3333,44.6,100,90,6.91,overcast clouds
329,Adrar,MR,2021-02-26 00:07:18,20.5022,-10.0711,63.59,27,0,10.11,clear sky
330,Gushikawa,JP,2021-02-26 00:07:18,26.3544,127.8686,68.0,94,40,3.44,scattered clouds
331,Anloga,GH,2021-02-26 00:07:18,5.7947,0.8973,84.2,65,20,11.5,few clouds
332,Palembang,ID,2021-02-26 00:07:19,-2.9167,104.7458,75.2,94,20,6.91,light rain
333,Yulin,CN,2021-02-26 00:07:19,22.6333,110.15,70.32,83,88,3.49,overcast clouds
334,Banjarmasin,ID,2021-02-26 00:07:19,-3.3244,114.591,78.8,94,20,2.3,few clouds
335,Koumac,NC,2021-02-26 00:04:16,-20.5667,164.2833,83.46,67,81,4.09,broken clouds
336,Camana,PE,2021-02-26 00:07:20,-16.6228,-72.7111,71.62,75,41,3.89,scattered clouds
337,Strezhevoy,RU,2021-02-26 00:07:20,60.7333,77.5889,-31.0,75,20,2.24,few clouds
338,Mangrol,IN,2021-02-26 00:07:20,21.1167,70.1167,70.54,81,0,9.24,clear sky
339,Trairi,BR,2021-02-26 00:07:21,-3.2778,-39.2689,78.48,84,5,6.67,clear sky
340,Kijang,KR,2021-02-26 00:07:21,35.2442,129.2139,48.2,76,90,12.66,overcast clouds
341,Astoria,US,2021-02-26 00:05:30,46.1879,-123.8313,46.0,81,90,19.57,overcast clouds
342,Itaituba,BR,2021-02-26 00:07:21,-4.2761,-55.9836,76.06,95,100,0.45,very heavy rain
343,Grindavik,IS,2021-02-26 00:03:51,63.8424,-22.4338,42.8,93,90,34.52,heavy intensity rain
344,Kindu,CD,2021-02-26 00:07:22,-2.95,25.95,74.55,76,66,2.37,broken clouds
345,Benguela,AO,2021-02-26 00:04:50,-12.5763,13.4055,76.03,74,96,1.25,overcast clouds
346,Inta,RU,2021-02-26 00:07:22,66.0317,60.1659,-1.55,90,100,7.61,overcast clouds
347,Katsuura,JP,2021-02-26 00:05:06,35.1333,140.3,48.99,46,100,5.99,overcast clouds
348,Sao Jose Da Coroa Grande,BR,2021-02-26 00:07:23,-8.8978,-35.1478,78.57,81,6,6.69,clear sky
349,Kavaratti,IN,2021-02-26 00:07:23,10.5669,72.642,81.25,77,5,12.1,clear sky
350,Pakala,IN,2021-02-26 00:07:24,13.4667,79.1167,68.0,88,40,5.75,mist
351,Havoysund,NO,2021-02-26 00:07:24,70.9963,24.6622,35.6,93,75,18.41,broken clouds
352,Luwuk,ID,2021-02-26 00:07:24,-0.9516,122.7875,83.19,68,60,0.4,moderate rain
353,Kismayo,SO,2021-02-26 00:05:18,-0.3582,42.5454,76.14,85,5,15.14,clear sky
354,Lakatoro,VU,2021-02-26 00:05:21,-16.0999,167.4164,84.9,70,98,12.33,overcast clouds
355,Mata,PT,2021-02-26 00:07:25,40.683,-7.4592,50.0,84,100,3.0,overcast clouds
356,Darab,IR,2021-02-26 00:07:25,28.7519,54.5444,48.9,72,26,3.8,scattered clouds
357,Puerto Colombia,CO,2021-02-26 00:05:10,10.9878,-74.9547,78.8,83,0,16.11,clear sky
358,Laureles,US,2021-02-26 00:07:26,26.1092,-97.4941,75.0,78,20,16.11,few clouds
359,Kirkuk,IQ,2021-02-26 00:07:26,35.4681,44.3922,45.82,55,0,11.12,clear sky
360,Sobolevo,RU,2021-02-26 00:07:26,54.4299,31.8996,35.73,98,97,10.87,overcast clouds
361,Inuvik,CA,2021-02-26 00:07:26,68.3499,-133.7218,-20.2,57,67,3.44,broken clouds
362,Batagay-Alyta,RU,2021-02-26 00:07:27,67.8006,130.4114,-26.0,98,38,1.16,scattered clouds
363,San Francisco,US,2021-02-26 00:04:46,37.7749,-122.4194,64.4,25,20,14.97,few clouds
364,Yamada,JP,2021-02-26 00:07:27,39.4667,141.95,38.73,69,3,1.79,clear sky
365,Yauya,PE,2021-02-26 00:07:28,-8.9833,-77.3,53.11,67,51,4.56,broken clouds
366,Taunsa,PK,2021-02-26 00:07:28,30.7048,70.6505,63.48,36,4,7.4,clear sky
367,Vao,NC,2021-02-26 00:01:31,-22.6667,167.4833,78.48,80,11,18.28,few clouds
368,Hwange,ZW,2021-02-26 00:07:29,-18.3693,26.5019,68.07,91,49,1.88,scattered clouds
369,Farafenni,GM,2021-02-26 00:07:29,13.5667,-15.6,78.03,15,0,8.72,clear sky
370,Tomatlan,MX,2021-02-26 00:07:30,19.9333,-105.25,80.37,46,100,4.54,overcast clouds
371,Amahai,ID,2021-02-26 00:07:30,-3.3333,128.9167,82.99,75,95,1.5,overcast clouds
372,Skjervoy,NO,2021-02-26 00:07:30,70.0311,20.9714,38.1,88,99,24.25,overcast clouds
373,San Juan,AR,2021-02-26 00:07:30,-31.5375,-68.5364,88.45,36,25,6.08,scattered clouds
374,Seydi,TM,2021-02-26 00:07:31,39.4816,62.9137,20.89,59,1,6.2,clear sky
375,Margate,GB,2021-02-26 00:07:32,51.3813,1.3862,45.0,73,57,4.0,broken clouds
376,Jutai,BR,2021-02-26 00:05:10,-5.1833,-68.9,76.28,94,76,1.14,broken clouds
377,Ilulissat,GL,2021-02-26 00:04:07,69.2167,-51.1,8.6,72,80,3.44,broken clouds
378,Port Moresby,PG,2021-02-26 00:07:32,-9.4431,147.1797,78.8,89,75,6.91,broken clouds
379,Sibu,MY,2021-02-26 00:04:36,2.3,111.8167,71.6,94,20,2.3,few clouds
380,Marzuq,YE,2021-02-26 00:03:52,14.4,46.4667,61.32,57,0,1.23,clear sky
381,Merauke,ID,2021-02-26 00:07:33,-8.4667,140.3333,82.67,78,100,10.33,overcast clouds
382,Sirsa,IN,2021-02-26 00:07:33,29.5333,75.0167,64.38,28,0,3.58,clear sky
383,Kalmunai,LK,2021-02-26 00:07:34,7.4167,81.8167,74.66,83,26,1.41,scattered clouds
384,Shache,CN,2021-02-26 00:07:34,38.4167,77.2406,35.98,27,83,12.01,broken clouds
385,Mehamn,NO,2021-02-26 00:05:32,71.0357,27.8492,38.16,80,100,20.49,overcast clouds
386,General Roca,AR,2021-02-26 00:07:34,-39.0333,-67.5833,95.0,29,0,4.61,clear sky
387,Jizan,SA,2021-02-26 00:03:01,17.3333,42.6667,77.0,73,20,3.44,few clouds
388,Old Town,CZ,2021-02-26 00:07:35,50.087,14.4202,39.2,100,0,2.3,fog
389,Soyo,AO,2021-02-26 00:07:35,-6.1349,12.3689,76.51,85,88,4.36,overcast clouds
390,Caluquembe,AO,2021-02-26 00:07:35,-13.7833,14.6833,60.58,47,99,9.19,overcast clouds
391,Sakakah,SA,2021-02-26 00:07:36,29.9697,40.2064,46.4,66,0,6.91,clear sky
392,Aykhal,RU,2021-02-26 00:05:06,66.0,111.5,-31.41,82,3,4.56,clear sky
393,Liverpool,GB,2021-02-26 00:07:36,53.4106,-2.9779,43.0,87,0,5.75,clear sky
394,Labuan,MY,2021-02-26 00:07:37,5.2767,115.2417,75.2,94,20,7.81,few clouds
395,Tahoua,NE,2021-02-26 00:07:37,14.8888,5.2692,75.2,11,0,4.61,dust
396,Bolshoye Selo,RU,2021-02-26 00:07:37,57.7177,38.9334,33.62,99,100,4.25,snow
397,Ozernovskiy,RU,2021-02-26 00:07:38,51.5,156.5167,17.04,90,38,6.76,scattered clouds
398,Lhokseumawe,ID,2021-02-26 00:07:38,5.1801,97.1507,77.65,80,100,5.93,overcast clouds
399,Ca Mau,VN,2021-02-26 00:07:38,9.1769,105.15,74.26,87,100,3.78,overcast clouds
400,Vila Do Maio,CV,2021-02-26 00:07:40,15.1333,-23.2167,69.8,78,0,20.71,clear sky
401,Kahului,US,2021-02-26 00:03:00,20.8947,-156.47,84.2,39,40,32.21,scattered clouds
402,Vila Velha,BR,2021-02-26 00:03:24,-20.3297,-40.2925,78.01,88,20,4.61,few clouds
403,Port Lincoln,AU,2021-02-26 00:05:04,-34.7333,135.8667,64.2,72,68,12.77,broken clouds
404,Camacha,PT,2021-02-26 00:04:55,33.0833,-16.3333,57.2,67,40,17.27,scattered clouds
405,Berdigestyakh,RU,2021-02-26 00:07:42,62.0989,126.6992,-28.53,84,36,0.89,scattered clouds
406,Bulungu,CD,2021-02-26 00:07:42,-4.55,18.6,70.54,97,83,3.13,light rain
407,Hofn,IS,2021-02-26 00:03:27,64.2539,-15.2082,39.56,84,100,6.26,overcast clouds
408,Sorland,NO,2021-02-26 00:07:43,67.667,12.6934,40.8,88,98,13.94,overcast clouds
409,Severnyy,RU,2021-02-26 00:07:43,50.677,36.5532,37.4,100,90,8.95,fog
410,Los Naranjos,HN,2021-02-26 00:07:43,14.9,-88.05,82.4,69,20,16.11,few clouds
411,Rocha,UY,2021-02-26 00:00:56,-34.4833,-54.3333,64.89,72,0,4.29,clear sky
412,Georgetown,MY,2021-02-26 00:04:33,5.4112,100.3354,75.2,88,20,2.3,few clouds
413,Pimentel,PE,2021-02-26 00:07:44,-6.8367,-79.9342,75.2,60,0,12.66,clear sky
414,Sosva,RU,2021-02-26 00:07:44,59.1766,61.8558,-14.17,90,35,2.17,scattered clouds
415,Victoria,HK,2021-02-26 00:05:01,22.2855,114.1577,71.01,89,87,5.19,overcast clouds
416,Sorso,IT,2021-02-26 00:07:45,40.8,8.5772,51.8,100,20,2.3,few clouds
417,Ures,MX,2021-02-26 00:07:45,29.4333,-110.4,82.99,11,0,3.0,clear sky
418,Pitimbu,BR,2021-02-26 00:03:43,-7.4706,-34.8086,78.8,89,75,4.61,light rain
419,Antofagasta,CL,2021-02-26 00:07:46,-23.65,-70.4,66.2,77,20,9.22,few clouds
420,Narsaq,GL,2021-02-26 00:03:03,60.9167,-46.05,39.2,30,90,12.66,overcast clouds
421,Atherton,GB,2021-02-26 00:07:46,53.5237,-2.4935,41.0,82,0,1.01,clear sky
422,Aanekoski,FI,2021-02-26 00:07:47,62.6946,25.818,35.6,100,90,4.61,light rain
423,Bafra,TR,2021-02-26 00:07:47,41.5678,35.9069,37.4,81,75,2.3,broken clouds
424,Torres,BR,2021-02-26 00:07:47,-29.3353,-49.7269,71.67,85,52,6.49,broken clouds
425,Kirakira,SB,2021-02-26 00:07:48,-10.4544,161.9205,84.78,75,100,8.08,overcast clouds
426,Manakara,MG,2021-02-26 00:07:48,-22.1333,48.0167,75.49,90,84,5.12,broken clouds
427,Trelew,AR,2021-02-26 00:07:49,-43.249,-65.3051,76.14,34,0,15.3,clear sky
428,Karpogory,RU,2021-02-26 00:07:49,64.0019,44.4451,1.08,92,98,9.26,overcast clouds
429,Road Town,VG,2021-02-26 00:04:56,18.4167,-64.6167,78.8,69,20,13.8,few clouds
430,Youghal,IE,2021-02-26 00:07:49,51.95,-7.8506,42.01,100,20,4.61,few clouds
431,Kimbe,PG,2021-02-26 00:07:49,-5.5502,150.1429,83.98,75,96,1.72,light rain
432,San Antonio,US,2021-02-26 00:07:28,29.4241,-98.4936,61.0,77,90,9.22,overcast clouds
433,Westport,US,2021-02-26 00:03:32,41.1415,-73.3579,42.8,36,1,6.91,clear sky
434,Shimoda,JP,2021-02-26 00:04:06,34.6667,138.95,51.8,62,75,11.5,broken clouds
435,North Bend,US,2021-02-26 00:04:51,43.4065,-124.2243,50.0,76,90,11.5,overcast clouds
436,Husavik,IS,2021-02-26 00:04:09,66.0449,-17.3389,24.8,86,0,11.18,clear sky
437,Catuday,PH,2021-02-26 00:04:48,16.2923,119.8062,78.13,79,95,3.65,overcast clouds
438,Valdivia,CL,2021-02-26 00:07:51,-39.8142,-73.2459,66.2,68,1,6.91,clear sky
439,Phalodi,IN,2021-02-26 00:07:51,27.1333,72.3667,71.15,47,0,13.58,clear sky
440,Te Anau,NZ,2021-02-26 00:07:52,-45.4167,167.7167,65.95,50,96,0.51,moderate rain
441,Okhotsk,RU,2021-02-26 00:05:32,59.3833,143.3,-3.1,68,7,12.46,clear sky
442,Flin Flon,CA,2021-02-26 00:03:09,54.7682,-101.865,26.6,68,90,2.3,overcast clouds
443,Valdemoro,ES,2021-02-26 00:07:53,40.1908,-3.6789,55.0,62,0,3.44,clear sky
444,Jhudo,PK,2021-02-26 00:07:53,24.964,69.2968,67.93,85,0,11.56,clear sky
445,Waingapu,ID,2021-02-26 00:07:53,-9.6567,120.2641,80.2,79,54,3.6,broken clouds
446,Provideniya,RU,2021-02-26 00:03:55,64.3833,-173.3,-0.4,65,0,8.95,clear sky
447,Celestun,MX,2021-02-26 00:04:31,20.8667,-90.4,78.67,70,0,21.14,clear sky
448,Aquiles Serdan,MX,2021-02-26 00:07:54,17.7833,-92.2833,87.8,58,20,8.7,few clouds
449,Zimmi,SL,2021-02-26 00:07:54,7.3153,-11.3061,74.93,95,27,1.97,scattered clouds
450,Aracati,BR,2021-02-26 00:07:55,-4.5617,-37.7697,79.61,82,44,10.29,heavy intensity rain
451,Kalemie,CD,2021-02-26 00:07:56,-5.9475,29.1947,69.53,82,85,2.33,light rain
452,Gravdal,NO,2021-02-26 00:07:56,68.1214,13.5031,39.15,86,85,11.45,overcast clouds
453,Grand Gaube,MU,2021-02-26 00:04:40,-20.0064,57.6608,78.01,76,6,3.0,clear sky
454,Campoverde,PE,2021-02-26 00:07:56,-8.4753,-74.8058,78.8,83,75,4.61,light rain
455,Jhol,PK,2021-02-26 00:07:57,25.9551,68.8882,60.8,88,0,10.02,smoke
456,Ayr,GB,2021-02-26 00:07:57,55.4627,-4.6339,42.8,81,0,11.5,clear sky
457,Nabire,ID,2021-02-26 00:07:58,-3.3667,135.4833,81.19,75,98,1.39,overcast clouds
458,Manono,CD,2021-02-26 00:07:58,-7.3,27.4167,69.51,96,96,1.88,light rain
459,Belaya Gora,RU,2021-02-26 00:07:58,68.5333,146.4167,-25.04,86,91,2.26,overcast clouds
460,Leh,IN,2021-02-26 00:07:58,34.1667,77.5833,13.35,70,62,4.79,broken clouds
461,Stykkisholmur,IS,2021-02-26 00:07:59,65.0757,-22.7297,33.87,92,100,15.7,light snow
462,Halifax,CA,2021-02-26 00:05:03,44.6453,-63.5724,32.0,59,45,10.36,scattered clouds
463,Khanpur,PK,2021-02-26 00:04:16,28.6453,70.6567,69.71,31,0,8.88,clear sky
464,Manoharpur,IN,2021-02-26 00:07:59,27.3,75.95,73.4,35,0,4.61,haze
465,Isla Vista,US,2021-02-26 00:06:00,34.4133,-119.861,64.99,59,1,4.61,clear sky
466,Beringovskiy,RU,2021-02-26 00:03:09,63.05,179.3167,-16.89,92,84,13.8,broken clouds
467,Yerofey Pavlovich,RU,2021-02-26 00:08:00,53.9667,121.9667,-14.04,89,0,1.25,clear sky
468,Lattes,FR,2021-02-26 00:08:00,43.5675,3.9046,44.6,93,2,3.44,clear sky
469,Praia Da Vitoria,PT,2021-02-26 00:00:45,38.7333,-27.0667,60.01,88,40,26.24,scattered clouds
470,Saint-Augustin,CA,2021-02-26 00:03:30,51.226,-58.6502,22.05,95,100,4.0,overcast clouds
471,Cukai,MY,2021-02-26 00:08:01,4.25,103.4167,69.8,100,40,3.15,scattered clouds
472,Mahon,ES,2021-02-26 00:08:02,39.8885,4.2658,50.0,87,40,4.61,scattered clouds
473,Trojes,AL,2021-02-26 00:08:02,41.756,19.962,42.8,81,0,2.3,clear sky
474,Demyansk,RU,2021-02-26 00:08:02,57.643,32.466,38.3,96,100,10.02,overcast clouds
475,Xinqing,CN,2021-02-26 00:08:03,48.2333,129.5,-0.98,87,9,2.95,clear sky
476,Podyuga,RU,2021-02-26 00:08:03,61.095,40.8647,1.29,93,58,5.75,broken clouds
477,Bangassou,CF,2021-02-26 00:08:04,4.7413,22.8184,71.47,29,3,4.09,clear sky
478,Ukholovo,RU,2021-02-26 00:08:04,53.7929,40.4892,35.01,88,100,8.39,overcast clouds
479,Shintomi,JP,2021-02-26 00:08:04,32.0785,131.4723,50.0,93,75,13.8,mist
480,Tondano,ID,2021-02-26 00:05:05,1.3038,124.9112,78.8,94,20,1.14,few clouds
481,Finote Selam,ET,2021-02-26 00:08:05,10.7,37.2667,62.17,50,5,3.62,clear sky
482,Port Hedland,AU,2021-02-26 00:08:05,-20.3167,118.5667,86.0,74,34,8.05,scattered clouds
483,Port Blair,IN,2021-02-26 00:04:31,11.6667,92.75,71.6,88,20,3.02,mist
484,Asau,RO,2021-02-26 00:03:56,46.4333,26.4,37.4,100,0,2.3,clear sky
485,Puerto Escondido,MX,2021-02-26 00:08:06,15.85,-97.0667,80.6,83,20,11.5,few clouds
486,Axim,GH,2021-02-26 00:03:24,4.8699,-2.2405,79.66,85,36,11.07,scattered clouds
487,Kongwa,TZ,2021-02-26 00:08:06,-6.2,36.4167,63.86,89,45,2.26,scattered clouds
488,Cascais,PT,2021-02-26 00:08:07,38.6979,-9.4215,54.0,88,87,10.49,overcast clouds
489,Panguipulli,CL,2021-02-26 00:08:07,-39.6333,-72.3333,66.2,68,0,6.91,clear sky
490,Iwanai,JP,2021-02-26 00:08:07,42.9744,140.5089,23.2,93,99,12.84,light snow
491,Russell,US,2021-02-26 00:04:53,32.3502,-85.1999,73.4,63,1,1.99,clear sky
492,Oranjestad,AW,2021-02-26 00:07:33,12.524,-70.027,78.8,78,20,20.71,few clouds
493,Buraydah,SA,2021-02-26 00:05:15,26.326,43.975,46.4,87,0,6.91,clear sky
494,Webuye,KE,2021-02-26 00:08:08,0.6075,34.7697,63.61,51,100,5.08,overcast clouds
495,Punta Gorda,US,2021-02-26 00:06:48,26.9298,-82.0454,75.99,64,1,5.75,clear sky
496,Nome,US,2021-02-26 00:03:24,64.5011,-165.4064,1.4,85,1,3.44,clear sky
497,Inhambane,MZ,2021-02-26 00:03:43,-23.865,35.3833,72.88,89,17,2.95,few clouds
498,Semporna,MY,2021-02-26 00:08:09,4.4818,118.6112,77.0,94,20,5.88,few clouds
499,Pinsk,BY,2021-02-26 00:08:10,52.1229,26.0951,37.72,90,2,9.17,clear sky
500,Nelson Bay,AU,2021-02-26 00:08:10,-32.7167,152.15,81.0,54,0,8.05,clear sky
501,Andenes,NO,2021-02-26 00:08:10,69.3143,16.1194,39.2,81,75,16.11,broken clouds
502,Hami,CN,2021-02-26 00:03:27,42.8,93.45,35.19,66,99,19.37,overcast clouds
503,Zhezkazgan,KZ,2021-02-26 00:05:12,47.8043,67.7144,-20.0,99,19,2.53,few clouds
504,Claremore,US,2021-02-26 00:08:11,36.3126,-95.6161,48.99,34,75,10.36,broken clouds
505,Santo Antonio Do Taua,BR,2021-02-26 00:08:12,-1.1519,-48.1294,78.8,89,0,6.91,clear sky
506,Vila,PT,2021-02-26 00:08:12,42.0304,-8.1588,46.0,92,68,5.01,broken clouds
507,Bonthe,SL,2021-02-26 00:08:12,7.5264,-12.505,77.79,88,0,6.31,clear sky
508,Macapa,BR,2021-02-26 00:08:13,0.0389,-51.0664,80.6,89,0,5.75,clear sky
509,Shirokiy,RU,2021-02-26 00:08:13,49.758,129.523,-7.17,92,0,6.24,clear sky
510,Sayyan,YE,2021-02-26 00:08:13,15.1718,44.3244,56.19,51,32,5.7,scattered clouds
511,Thabazimbi,ZA,2021-02-26 00:08:13,-24.5917,27.4116,67.87,67,30,3.8,scattered clouds
512,Bosaso,SO,2021-02-26 00:08:14,11.2842,49.1816,72.03,78,2,2.39,clear sky
513,Savonlinna,FI,2021-02-26 00:08:14,61.8699,28.88,35.6,100,90,4.61,light rain
514,Sapa,PH,2021-02-26 00:08:14,5.1544,120.3241,81.25,78,19,3.18,few clouds
515,Riohacha,CO,2021-02-26 00:08:14,11.5444,-72.9072,81.0,69,87,16.51,overcast clouds
516,Morondava,MG,2021-02-26 00:08:15,-20.2833,44.2833,78.84,80,95,4.79,overcast clouds
517,Amga,RU,2021-02-26 00:08:15,60.8953,131.9608,-23.15,84,56,0.76,broken clouds
518,Lydenburg,ZA,2021-02-26 00:08:15,-25.0978,30.4597,69.01,95,20,1.01,few clouds
519,Rio De Janeiro,BR,2021-02-26 00:07:10,-22.9028,-43.2075,78.8,89,75,9.22,moderate rain
520,Teguise,ES,2021-02-26 00:08:16,29.0605,-13.564,60.8,59,20,2.3,few clouds
521,Araouane,ML,2021-02-26 00:07:09,18.9048,-3.5265,61.88,29,0,8.81,clear sky
522,Vaitape,PF,2021-02-26 00:08:16,-16.5167,-151.75,82.63,74,6,12.59,clear sky
523,Zhangye,CN,2021-02-26 00:07:52,38.9342,100.4517,39.96,43,12,6.53,few clouds
524,Chuari Khas,IN,2021-02-26 00:08:17,32.4333,76.0167,60.44,28,90,9.78,overcast clouds
525,Pangkalanbuun,ID,2021-02-26 00:05:16,-2.6833,111.6167,75.07,78,69,2.04,broken clouds
526,Yerbogachen,RU,2021-02-26 00:07:49,61.2767,108.0108,-12.39,89,100,6.93,overcast clouds
527,Maan,PH,2021-02-26 00:08:18,5.9339,124.7356,83.35,63,72,1.43,broken clouds
528,Saint-Raymond,CA,2021-02-26 00:08:18,45.467,-73.6095,21.2,63,41,3.44,scattered clouds
529,Zwettl,AT,2021-02-26 00:08:18,48.6,15.1667,39.99,82,0,1.01,clear sky
530,Jertih,MY,2021-02-26 00:08:19,5.7336,102.4897,73.4,94,20,3.44,light rain
531,Porto Novo,BJ,2021-02-26 00:08:19,6.4965,2.6036,82.4,78,40,8.05,scattered clouds
532,Beloha,MG,2021-02-26 00:07:20,-25.1667,45.05,75.06,84,68,5.32,broken clouds
533,Marsabit,KE,2021-02-26 00:04:52,2.3284,37.9899,70.52,40,71,11.61,broken clouds
534,Sitio Novo Do Tocantins,BR,2021-02-26 00:08:20,-5.5183,-47.4611,74.86,91,85,3.06,heavy intensity rain
535,Isoka,ZM,2021-02-26 00:08:20,-10.1606,32.6335,61.16,93,91,2.53,overcast clouds
536,Vestmannaeyjar,IS,2021-02-26 00:02:36,63.4427,-20.2734,45.43,94,100,28.05,light rain
537,Muros,ES,2021-02-26 00:08:20,42.7762,-9.0603,53.01,81,39,5.01,scattered clouds
538,La Canada,MX,2021-02-26 00:08:21,20.6167,-100.3167,80.6,10,40,4.61,scattered clouds
539,Nouadhibou,MR,2021-02-26 00:08:21,20.931,-17.0347,71.6,60,0,17.27,clear sky
540,Jinka,ET,2021-02-26 00:08:21,5.65,36.65,67.53,54,2,1.79,clear sky
541,Tarko-Sale,RU,2021-02-26 00:08:22,64.9225,77.785,-34.94,98,10,4.68,clear sky
542,Tabou,CI,2021-02-26 00:08:22,4.423,-7.3528,77.72,87,83,8.01,light rain
543,Quepos,CR,2021-02-26 00:08:22,9.4236,-84.1652,69.01,68,20,20.71,few clouds
544,Bella Vista,US,2021-02-26 00:08:22,36.4295,-94.2316,48.99,37,1,9.22,clear sky
545,Clemencia,CO,2021-02-26 00:08:22,10.5665,-75.325,80.6,83,20,12.66,few clouds
546,Gamba,GA,2021-02-26 00:05:29,-2.65,10.0,76.75,84,100,1.43,overcast clouds
547,Uray,RU,2021-02-26 00:05:11,60.1247,64.7758,-20.15,89,70,2.19,broken clouds
548,Timmins,CA,2021-02-26 00:04:13,48.4669,-81.3331,15.8,62,75,5.75,broken clouds
549,Kathu,TH,2021-02-26 00:08:23,7.9178,98.3332,82.99,78,20,4.61,few clouds
550,Soavinandriana,MG,2021-02-26 00:08:24,-19.1667,46.7333,58.46,100,58,3.13,broken clouds
551,Longfeng,CN,2021-02-26 00:08:24,46.55,125.1167,5.97,90,56,5.79,broken clouds
552,Rio Grande,BR,2021-02-26 00:05:05,-32.035,-52.0986,70.14,72,0,8.86,clear sky
553,Jahanabad,IN,2021-02-26 00:07:10,25.2167,84.9833,62.6,67,0,4.61,haze
554,Andilamena,MG,2021-02-26 00:08:25,-17.0167,48.5833,63.46,96,80,1.9,broken clouds
555,Verkhniye Tatyshly,RU,2021-02-26 00:08:25,56.2912,55.8575,-18.26,87,0,7.54,clear sky
556,Sarahan,IN,2021-02-26 00:08:25,31.5167,77.8,42.42,35,1,6.91,clear sky
557,Mackenzie,CA,2021-02-26 00:08:25,55.2999,-123.1698,33.8,86,90,8.05,light snow
558,Kiama,AU,2021-02-26 00:04:03,-34.6833,150.8667,77.0,70,40,1.99,scattered clouds
559,Pinega,RU,2021-02-26 00:05:23,64.7001,43.3936,2.32,92,100,10.56,light snow
560,Cartagena Del Chaira,CO,2021-02-26 00:08:26,1.3349,-74.8429,75.07,93,88,1.66,moderate rain
561,Giyani,ZA,2021-02-26 00:05:16,-23.3025,30.7187,70.88,89,93,5.19,light rain
562,Valer,NO,2021-02-26 00:08:27,60.6785,11.8331,34.0,86,20,10.36,few clouds
563,Svetlogorsk,BY,2021-02-26 00:08:27,52.6333,29.7333,38.98,98,98,11.01,overcast clouds
564,Pacific Grove,US,2021-02-26 00:08:27,36.6177,-121.9166,60.8,51,1,4.61,clear sky
565,Bilibino,RU,2021-02-26 00:08:28,68.0546,166.4372,-20.43,84,65,1.05,broken clouds
566,Ilheus,BR,2021-02-26 00:08:28,-14.7889,-39.0494,82.4,74,40,9.22,scattered clouds
567,Comodoro Rivadavia,AR,2021-02-26 00:08:29,-45.8667,-67.5,75.2,46,0,5.75,clear sky
568,Nador,MA,2021-02-26 00:06:19,35.174,-2.9287,59.0,88,90,9.22,overcast clouds
569,Manta,EC,2021-02-26 00:06:21,-0.95,-80.7333,80.6,78,75,5.75,broken clouds
570,Saquena,PE,2021-02-26 00:08:29,-4.6667,-73.5167,77.7,84,43,1.95,scattered clouds
571,Vuktyl,RU,2021-02-26 00:08:30,63.8567,57.3094,-8.16,90,100,7.25,overcast clouds
572,Lata,PT,2021-02-26 00:04:07,40.1629,-8.3327,55.0,96,91,5.01,overcast clouds
573,Novopokrovka,UA,2021-02-26 00:08:30,49.8425,36.5477,39.2,87,90,8.95,mist
574,Olafsvik,IS,2021-02-26 00:05:28,64.8945,-23.7142,37.89,93,100,27.94,light rain
575,Kralendijk,BQ,2021-02-26 00:08:30,12.15,-68.2667,75.2,94,75,16.11,broken clouds
576,Kokkola,FI,2021-02-26 00:08:31,63.8385,23.1307,34.0,100,20,5.75,fog
577,Simao,CN,2021-02-26 00:08:31,22.7886,100.9748,51.28,60,0,0.4,clear sky
578,Bubaque,GW,2021-02-26 00:08:31,11.2833,-15.8333,76.77,70,0,13.91,clear sky
579,Garden City,US,2021-02-26 00:08:32,42.3256,-83.331,37.4,52,75,8.05,broken clouds
580,Changli,CN,2021-02-26 00:08:32,39.7042,119.1506,32.07,81,0,3.89,clear sky
581,Petropavlovsk-Kamchatskiy,RU,2021-02-26 00:08:32,53.0452,158.6483,14.0,79,75,6.71,light snow
582,Anchorage,US,2021-02-26 00:05:44,61.2181,-149.9003,32.0,74,1,6.91,clear sky
583,Kargil,IN,2021-02-26 00:08:33,34.5667,76.1,19.08,95,100,4.47,snow
584,Barcelos,PT,2021-02-26 00:07:50,41.5388,-8.6151,52.0,93,0,3.44,clear sky
585,Mananara,MG,2021-02-26 00:08:33,-16.1667,49.7667,74.95,86,82,3.94,broken clouds
586,Sawakin,SD,2021-02-26 00:08:34,19.1059,37.3321,69.46,57,0,11.61,clear sky
587,Tiznit,MA,2021-02-26 00:08:34,29.5833,-9.5,53.38,88,86,5.57,overcast clouds
588,Muroto,JP,2021-02-26 00:05:22,33.2833,134.15,44.6,93,75,8.05,broken clouds
589,Bitung,ID,2021-02-26 00:08:35,1.4451,125.1824,78.8,94,20,1.14,few clouds
590,Hervey Bay,AU,2021-02-26 00:04:14,-25.2986,152.8535,88.0,57,40,6.91,scattered clouds
591,Kaseda,JP,2021-02-26 00:08:35,31.4167,130.3167,50.0,93,75,14.97,broken clouds
592,Mazamari,PE,2021-02-26 00:08:36,-11.3258,-74.5308,76.17,67,26,1.5,scattered clouds
593,Curaca,BR,2021-02-26 00:08:37,-8.9903,-39.9094,81.34,52,38,3.6,scattered clouds
594,Dhidhdhoo,MV,2021-02-26 00:08:37,6.8833,73.1,81.3,70,49,5.84,scattered clouds
595,Da Nang,VN,2021-02-26 00:08:37,16.0678,108.2208,71.6,88,31,3.44,scattered clouds
596,Lannion,FR,2021-02-26 00:08:38,48.75,-3.4167,44.6,81,0,4.61,clear sky
597,Oranjemund,NA,2021-02-26 00:05:17,-28.55,16.4333,62.11,90,0,12.5,clear sky
598,Gurgentepe,TR,2021-02-26 00:08:38,40.7883,37.6017,35.6,93,0,4.68,clear sky
599,Brae,GB,2021-02-26 00:08:39,60.3964,-1.353,44.6,81,75,23.02,broken clouds
600,Dunedin,NZ,2021-02-26 00:04:42,-45.8742,170.5036,59.0,84,88,21.99,overcast clouds
601,Tromso,NO,2021-02-26 00:08:39,69.6496,18.957,35.6,93,75,6.91,light rain
602,Skoghall,SE,2021-02-26 00:08:39,59.3232,13.4655,39.2,93,40,13.8,scattered clouds
603,Kyren,RU,2021-02-26 00:08:40,51.6828,102.1408,11.19,89,100,3.04,overcast clouds
604,Saint George,US,2021-02-26 00:03:14,37.1041,-113.5841,54.0,16,1,0.78,clear sky
605,Poum,NC,2021-02-26 00:08:41,-20.2333,164.0167,82.65,71,98,9.06,overcast clouds
606,Canutama,BR,2021-02-26 00:08:41,-6.5339,-64.3831,76.87,82,24,3.11,few clouds
607,Voyinka,UA,2021-02-26 00:08:41,45.8699,33.9914,38.55,96,97,9.04,overcast clouds
608,Barao De Melgaco,BR,2021-02-26 00:08:42,-16.1944,-55.9675,80.6,78,40,5.75,light rain
609,Saint-Francois,FR,2021-02-26 00:08:42,46.4154,3.9054,39.99,87,0,3.44,clear sky
610,Marsh Harbour,BS,2021-02-26 00:03:21,26.5412,-77.0636,74.75,81,56,6.49,broken clouds
611,Abu Samrah,SY,2021-02-26 00:04:15,35.3029,37.1841,46.92,55,0,3.69,clear sky
612,Ketchikan,US,2021-02-26 00:06:24,55.3422,-131.6461,41.0,81,90,13.8,overcast clouds
613,Ust-Nera,RU,2021-02-26 00:08:43,64.5667,143.2,-16.01,74,52,0.58,broken clouds
614,Kaeo,NZ,2021-02-26 00:05:34,-35.1,173.7833,75.99,60,29,11.99,scattered clouds
615,Virginia Beach,US,2021-02-26 00:07:11,36.8529,-75.978,46.0,57,1,3.44,clear sky
616,Cairns,AU,2021-02-26 00:05:13,-16.9167,145.7667,82.99,83,90,10.36,overcast clouds
617,Bahia Honda,CU,2021-02-26 00:08:44,22.9036,-83.1592,74.59,85,16,11.65,few clouds
618,Kupang,ID,2021-02-26 00:08:44,-10.1667,123.5833,80.6,100,40,1.14,scattered clouds
619,Palanga,LT,2021-02-26 00:08:45,55.9175,21.0686,41.0,93,75,6.91,mist
620,Akdepe,TM,2021-02-26 00:08:46,42.0551,59.3788,8.6,85,0,4.61,clear sky
621,Nouakchott,MR,2021-02-26 00:03:39,18.0858,-15.9785,75.2,15,0,8.05,clear sky
622,Saint-Louis,SN,2021-02-26 00:03:19,16.3333,-15.0,82.4,23,0,2.3,clear sky
623,Arman,RU,2021-02-26 00:05:14,59.7,150.1667,-2.85,81,23,8.9,few clouds
624,Sisimiut,GL,2021-02-26 00:08:47,66.9395,-53.6735,16.25,79,50,5.59,scattered clouds
625,Talavera De La Reina,ES,2021-02-26 00:08:47,39.9635,-4.8308,54.0,62,100,5.01,overcast clouds
626,Brunico,IT,2021-02-26 00:08:47,46.7958,11.9364,44.01,65,13,1.74,few clouds
627,Landau,DE,2021-02-26 00:08:48,49.2075,8.1133,52.0,58,54,4.0,broken clouds
628,Agde,FR,2021-02-26 00:08:48,43.3108,3.4758,50.0,93,90,1.14,overcast clouds
629,Thanh Hoa,VN,2021-02-26 00:08:48,19.8,105.7667,70.47,93,55,0.67,broken clouds
630,Vagur,FO,2021-02-26 00:08:49,61.4732,-6.8119,44.11,77,90,17.78,overcast clouds
631,High Rock,BS,2021-02-26 00:08:49,26.6208,-78.2833,69.8,94,21,3.44,few clouds
632,Middelburg,ZA,2021-02-26 00:08:50,-25.7751,29.4648,60.6,83,93,4.61,overcast clouds
633,Haines Junction,CA,2021-02-26 00:04:41,60.7522,-137.5108,26.6,68,100,18.41,heavy snow
634,Erenhot,CN,2021-02-26 00:08:50,43.6475,111.9767,25.66,74,3,6.76,clear sky
635,Kade,DE,2021-02-26 00:08:51,52.3833,12.2667,48.99,78,58,4.63,broken clouds
636,Changji,CN,2021-02-26 00:08:51,44.0167,87.3167,17.6,93,90,6.71,light snow
637,Batagay,RU,2021-02-26 00:05:11,67.6333,134.6333,-30.42,80,22,1.99,few clouds
638,Klyuchi,RU,2021-02-26 00:08:51,52.2667,79.1667,-7.58,89,99,13.62,overcast clouds
639,South Sioux City,US,2021-02-26 00:08:52,42.4739,-96.4136,37.4,70,1,9.22,clear sky
640,Shangrao,CN,2021-02-26 00:08:02,28.4532,117.9686,52.63,93,100,1.25,light rain
641,Marsa Matruh,EG,2021-02-26 00:08:52,31.3525,27.2453,59.0,72,40,9.22,scattered clouds
642,Lakselv,NO,2021-02-26 00:08:53,70.0513,24.9718,35.6,64,92,5.75,overcast clouds
643,Papara,BR,2021-02-26 00:08:53,-3.9839,-38.7273,82.4,78,40,8.05,scattered clouds
644,Ambilobe,MG,2021-02-26 00:08:53,-13.2,49.05,74.28,93,96,1.39,overcast clouds
645,Waitara,NZ,2021-02-26 00:08:53,-38.925,174.25,68.0,68,100,5.99,overcast clouds
646,Umm Lajj,SA,2021-02-26 00:04:56,25.0213,37.2685,67.89,35,0,14.67,clear sky
647,Corowa,AU,2021-02-26 00:08:54,-36.0333,146.3833,68.0,55,0,1.01,clear sky
648,Ouegoa,NC,2021-02-26 00:08:54,-20.35,164.4333,84.96,65,89,11.9,overcast clouds
649,Dwarka,IN,2021-02-26 00:04:05,22.2394,68.9678,73.18,83,0,8.01,clear sky
650,Verkhnechusovskiye Gorodki,RU,2021-02-26 00:08:55,58.1671,57.1086,-25.6,75,0,8.95,clear sky
651,Razole,IN,2021-02-26 00:08:55,16.4833,81.8333,65.66,94,13,2.62,few clouds
652,Leua,SK,2021-02-26 00:08:56,48.2156,18.6071,48.99,76,0,7.0,clear sky
653,Meulaboh,ID,2021-02-26 00:05:17,4.1363,96.1285,75.52,89,88,4.0,overcast clouds
654,Luderitz,NA,2021-02-26 00:05:35,-26.6481,15.1594,68.2,58,0,19.8,clear sky
655,Campechuela,CU,2021-02-26 00:08:56,20.2342,-77.2789,79.93,62,44,4.16,light rain
656,Ulladulla,AU,2021-02-26 00:08:57,-35.35,150.4667,71.6,64,40,4.61,scattered clouds
657,Hojai,IN,2021-02-26 00:08:57,26.0,92.8667,62.29,52,50,2.46,scattered clouds
658,Moroni,KM,2021-02-26 00:08:57,-11.7022,43.2551,79.52,77,6,3.62,clear sky
659,Kipini,KE,2021-02-26 00:08:58,-2.5257,40.5262,74.97,87,4,8.5,clear sky
660,Marienburg,PL,2021-02-26 00:08:58,54.0359,19.0266,48.99,100,0,9.35,clear sky
661,Seoul,KR,2021-02-26 00:05:20,37.5683,126.9778,33.8,74,0,3.44,clear sky
662,Nyurba,RU,2021-02-26 00:08:58,63.2842,118.3319,-29.13,84,77,5.26,broken clouds
663,Martapura,ID,2021-02-26 00:08:59,-3.4167,114.85,78.8,94,20,2.3,few clouds
664,Constantine,DZ,2021-02-26 00:08:59,36.365,6.6147,42.8,87,0,5.75,clear sky
665,Taitung,TW,2021-02-26 00:09:00,22.7583,121.1444,69.8,83,40,3.44,scattered clouds
666,Green River,US,2021-02-26 00:08:06,41.5286,-109.4662,24.8,42,1,18.41,clear sky
667,Laguna,US,2021-02-26 00:08:47,38.421,-121.4238,64.4,20,1,4.61,clear sky
668,Ndele,CF,2021-02-26 00:06:10,8.4109,20.6473,74.05,20,0,8.28,clear sky
669,Soignies,BE,2021-02-26 00:09:00,50.579,4.0713,48.2,87,90,9.22,overcast clouds
670,Tacuarembo,UY,2021-02-26 00:09:01,-31.7333,-55.9833,68.29,54,0,5.06,clear sky
671,Kanker,IN,2021-02-26 00:09:01,20.2719,81.4931,69.94,22,0,4.16,clear sky
672,Tazovskiy,RU,2021-02-26 00:09:02,67.4667,78.7,-24.83,85,96,1.92,overcast clouds
673,Yarmouth,US,2021-02-26 00:09:02,41.7057,-70.2286,41.0,36,1,9.22,clear sky
674,Hoquiam,US,2021-02-26 00:09:02,46.9809,-123.8893,44.6,81,90,17.27,overcast clouds
675,Raichur,IN,2021-02-26 00:09:03,16.2,77.3667,67.77,41,0,1.99,clear sky
676,Launceston,AU,2021-02-26 00:09:03,-41.45,147.1667,64.99,51,40,9.22,scattered clouds
677,Aden,YE,2021-02-26 00:07:38,12.7794,45.0367,75.13,71,0,3.47,clear sky
678,Diu,IN,2021-02-26 00:07:06,20.7141,70.9822,69.26,60,0,9.6,clear sky
679,Luwero,UG,2021-02-26 00:09:04,0.8492,32.4731,65.21,88,13,1.95,few clouds
680,Ha Tinh,VN,2021-02-26 00:09:04,18.3333,105.9,69.55,88,74,2.75,broken clouds
681,Zorritos,PE,2021-02-26 00:09:05,-3.6805,-80.6782,77.49,69,51,9.89,broken clouds
682,Manaure,CO,2021-02-26 00:09:05,11.7751,-72.4445,80.15,71,99,21.83,overcast clouds
